release_date,region,issue,epiweek,lag,num_ili,num_patients,num_providers,num_age_0,num_age_1,num_age_2,num_age_3,num_age_4,num_age_5,wili,ili
2017-10-24,nat,201740,201540,104,10049,808287,1963,2849,3693,NA,2015,871,621,1.22559,1.24325
2017-10-24,nat,201740,201541,103,10715,809660,1976,3016,4007,NA,2102,912,678,1.31066,1.3234
2017-10-24,nat,201740,201542,102,11584,825079,1995,3263,4360,NA,2357,951,653,1.3711,1.40399
2017-10-24,nat,201740,201543,101,11164,811165,1999,3141,4148,NA,2254,927,694,1.39171,1.37629
2017-10-24,nat,201740,201544,100,12423,845875,2048,3563,4783,NA,2450,935,692,1.43712,1.46866
2017-10-24,nat,201740,201545,99,12676,826877,2028,3746,4725,NA,2517,943,745,1.50165,1.533
2017-10-24,nat,201740,201546,98,13484,838344,2023,3960,5076,NA,2656,1026,766,1.59805,1.60841
2017-10-24,nat,201740,201547,97,12158,639738,2000,3974,4073,NA,2427,981,703,1.89668,1.90047
2017-10-24,nat,201740,201548,96,14617,841777,2040,4469,5076,NA,3011,1232,829,1.67728,1.73645
2017-10-24,nat,201740,201549,95,14986,823657,2020,4575,5384,NA,2902,1252,873,1.78296,1.81945
2017-10-24,nat,201740,201550,94,15396,783227,2000,5135,5105,NA,2963,1250,943,1.87336,1.96571
2017-10-24,nat,201740,201551,93,14839,613128,1978,5377,4317,NA,2876,1256,1013,2.32148,2.42021
2017-10-24,nat,201740,201552,92,15679,650356,1949,5700,4011,NA,3264,1524,1180,2.40991,2.41083
2017-10-24,nat,201740,201601,91,15654,787192,2004,4775,4494,NA,3597,1631,1157,1.94328,1.98859
2017-10-24,nat,201740,201602,90,15517,779809,2005,4574,5362,NA,3180,1380,1021,1.99796,1.98985
2017-10-24,nat,201740,201603,89,15661,743249,2008,4804,5380,NA,3226,1297,954,2.11829,2.1071
2017-10-24,nat,201740,201604,88,18143,827482,2026,5088,6882,NA,3615,1551,1007,2.25112,2.19256
2017-10-24,nat,201740,201605,87,18944,823602,2007,5135,7353,NA,3759,1625,1072,2.37116,2.30014
2017-10-24,nat,201740,201606,86,21774,813755,2000,5645,8434,NA,4600,1916,1179,2.80035,2.67574
2017-10-24,nat,201740,201607,85,24681,816098,1993,5997,9325,NA,5642,2347,1370,3.16475,3.02427
2017-10-24,nat,201740,201608,84,26423,848718,1956,6299,10127,NA,6001,2606,1390,3.15183,3.11328
2017-10-24,nat,201740,201609,83,28468,855439,1952,6619,11415,NA,6395,2599,1440,3.3321,3.32788
2017-10-24,nat,201740,201610,82,30481,848628,1922,6660,11856,NA,7358,2977,1630,3.56024,3.5918
2017-10-24,nat,201740,201611,81,24894,804948,1898,5574,9334,NA,6026,2489,1471,3.05479,3.09262
2017-10-24,nat,201740,201612,80,21940,786936,1900,5187,8489,NA,4982,2000,1282,2.76732,2.78803
2017-10-24,nat,201740,201613,79,19603,776752,1832,4581,7392,NA,4476,1953,1201,2.44161,2.52371
2017-10-24,nat,201740,201614,78,16769,787543,1813,3707,6403,NA,3869,1660,1130,2.03348,2.12928
2017-10-24,nat,201740,201615,77,16261,792672,1805,3572,6595,NA,3530,1533,1031,1.98593,2.05142
2017-10-24,nat,201740,201616,76,15437,775895,1774,3515,6357,NA,3247,1373,945,1.91514,1.98957
2017-10-24,nat,201740,201617,75,13836,774777,1759,3157,5557,NA,2986,1235,901,1.69968,1.7858
2017-10-24,nat,201740,201618,74,11870,741210,1742,2772,4729,NA,2586,1037,746,1.57635,1.60144
2017-10-24,nat,201740,201619,73,10707,726244,1690,2871,4046,NA,2276,849,665,1.3935,1.4743
2017-10-24,nat,201740,201620,72,9798,688612,1626,2688,3630,NA,1998,839,643,1.29941,1.42286
2017-10-24,nat,201740,201621,71,8787,635835,1439,2612,3126,NA,1714,717,618,1.18379,1.38196
2017-10-24,nat,201740,201622,70,7997,598077,1482,2545,2620,NA,1637,663,532,1.13723,1.33712
2017-10-24,nat,201740,201623,69,7201,632252,1446,2293,2313,NA,1460,617,518,1.04118,1.13894
2017-10-24,nat,201740,201624,68,6768,617287,1440,2189,2171,NA,1354,588,466,0.971814,1.09641
2017-10-24,nat,201740,201625,67,6024,602666,1402,2062,1905,NA,1178,493,386,0.863306,0.999559
2017-10-24,nat,201740,201626,66,5686,573793,1382,1873,1810,NA,1146,473,384,0.833797,0.99095
2017-10-24,nat,201740,201627,65,5118,549582,1379,1646,1641,NA,985,463,383,0.784516,0.931253
2017-10-24,nat,201740,201628,64,5078,602288,1392,1610,1599,NA,1064,422,383,0.734327,0.843118
2017-10-24,nat,201740,201629,63,5044,600272,1388,1670,1621,NA,994,384,375,0.698845,0.840286
2017-10-24,nat,201740,201630,62,4925,593327,1393,1580,1624,NA,1036,362,323,0.723099,0.830065
2017-10-24,nat,201740,201631,61,4596,581457,1360,1455,1496,NA,971,359,315,0.663501,0.790428
2017-10-24,nat,201740,201632,60,4868,585923,1329,1512,1639,NA,1016,382,319,0.69276,0.830826
2017-10-24,nat,201740,201633,59,5265,614499,1345,1644,1914,NA,1028,373,306,0.710029,0.856796
2017-10-24,nat,201740,201634,58,6260,621362,1356,1848,2364,NA,1234,465,349,0.834232,1.00746
2017-10-24,nat,201740,201635,57,6504,614349,1354,1815,2651,NA,1242,455,341,0.992621,1.05868
2017-10-24,nat,201740,201636,56,6623,601938,1347,1883,2604,NA,1284,471,381,1.01605,1.10028
2017-10-24,nat,201740,201637,55,7639,666755,1365,2026,3073,NA,1509,579,452,1.07169,1.1457
2017-10-24,nat,201740,201638,54,8229,675119,1363,2341,3298,NA,1539,613,438,1.10163,1.2189
2017-10-24,nat,201740,201639,53,8505,648678,1389,2413,3334,NA,1645,630,483,1.18841,1.31113
2018-10-05,nat,201839,201640,103,10920,869249,1956,3119,4174,NA,2149,833,645,1.19763,1.25626
2018-10-05,nat,201839,201641,102,10997,851042,1977,3207,4078,NA,2155,879,678,1.22887,1.29218
2018-10-05,nat,201839,201642,101,11926,896532,1986,3564,4452,NA,2234,981,695,1.26723,1.33024
2018-10-05,nat,201839,201643,100,12648,887194,2008,3786,4769,NA,2406,987,700,1.36226,1.42562
2018-10-05,nat,201839,201644,99,13790,878396,2001,4314,5287,NA,2444,1030,715,1.48468,1.56991
2018-10-05,nat,201839,201645,98,14258,863967,1993,4703,5193,NA,2549,1055,758,1.55838,1.65029
2018-10-05,nat,201839,201646,97,15160,875353,2002,4979,5610,NA,2659,1083,829,1.64639,1.73187
2018-10-05,nat,201839,201647,96,14208,698702,2013,5032,4567,NA,2634,1108,867,1.91196,2.03348
2018-10-05,nat,201839,201648,95,16605,883118,2005,5209,5655,NA,3326,1359,1056,1.81129,1.88027
2018-10-05,nat,201839,201649,94,16976,847500,2018,5512,5814,NA,3188,1415,1047,1.91669,2.00307
2018-10-05,nat,201839,201650,93,18463,811687,2005,5744,6724,NA,3491,1485,1019,2.20671,2.27465
2018-10-05,nat,201839,201651,92,21570,740295,1982,6657,7470,NA,4099,1923,1421,2.73096,2.9137
2018-10-05,nat,201839,201652,91,24900,701866,1931,7712,7144,NA,5247,2652,2145,3.36152,3.54769
2018-10-05,nat,201839,201701,90,24178,785080,2028,6716,6786,NA,5673,2773,2230,3.09232,3.07969
2018-10-05,nat,201839,201702,89,24904,824374,2001,6022,8847,NA,5315,2639,2081,3.07623,3.02096
2018-10-05,nat,201839,201703,88,28759,845666,2033,6403,12121,NA,5588,2717,1930,3.50708,3.40075
2018-10-05,nat,201839,201704,87,31221,884076,2024,6958,14064,NA,5762,2617,1820,3.79872,3.53148
2018-10-05,nat,201839,201705,86,36510,902215,2029,7452,17475,NA,6522,2968,2093,4.43601,4.04671
2018-10-05,nat,201839,201706,85,42890,902292,2030,8110,20150,NA,8235,3749,2646,5.06094,4.75345
2018-10-05,nat,201839,201707,84,41098,883216,1973,7737,18715,NA,8348,3660,2638,4.85988,4.65322
2018-10-05,nat,201839,201708,83,40124,878193,1990,7649,17300,NA,8560,3807,2808,4.57809,4.56893
2018-10-05,nat,201839,201709,82,30183,873909,1998,6129,12394,NA,6496,2983,2181,3.55555,3.45379
2018-10-05,nat,201839,201710,81,28051,851118,1973,5851,11546,NA,5970,2766,1918,3.50492,3.29578
2018-10-05,nat,201839,201711,80,25484,805664,1961,5503,10084,NA,5535,2582,1780,3.21406,3.16311
2018-10-05,nat,201839,201712,79,27371,871632,1943,5518,11512,NA,5860,2642,1839,3.09854,3.1402
2018-10-05,nat,201839,201713,78,24375,846072,1904,5158,10155,NA,5078,2356,1628,2.79765,2.88096
2018-10-05,nat,201839,201714,77,19684,830587,1910,4490,8183,NA,3918,1760,1333,2.38646,2.36989
2018-10-05,nat,201839,201715,76,15552,803557,1865,3909,5851,NA,3152,1470,1170,1.96699,1.93539
2018-10-05,nat,201839,201716,75,13012,793124,1850,3308,4683,NA,2766,1258,997,1.73523,1.6406
2018-10-05,nat,201839,201717,74,11955,808770,1850,2997,4497,NA,2392,1111,958,1.5635,1.47817
2018-10-05,nat,201839,201718,73,10763,786659,1800,2890,4106,NA,2039,1011,717,1.4041,1.36819
2018-10-05,nat,201839,201719,72,10188,761114,1770,2746,3822,NA,2037,862,721,1.27729,1.33856
2018-10-05,nat,201839,201720,71,9809,728618,1749,2685,3518,NA,2011,886,709,1.28245,1.34625
2018-10-05,nat,201839,201721,70,8564,677064,1617,2341,3060,NA,1745,771,647,1.16589,1.26487
2018-10-05,nat,201839,201722,69,7757,617165,1572,2312,2575,NA,1577,710,583,1.10922,1.25688
2018-10-05,nat,201839,201723,68,7558,652681,1498,2456,2377,NA,1462,672,591,1.04387,1.15799
2018-10-05,nat,201839,201724,67,6636,633019,1472,2049,2099,NA,1346,595,547,0.905089,1.04831
2018-10-05,nat,201839,201725,66,6264,633619,1502,1930,1972,NA,1299,560,503,0.900337,0.988607
2018-10-05,nat,201839,201726,65,5596,581944,1424,1771,1748,NA,1121,489,467,0.859539,0.961605
2018-10-05,nat,201839,201727,64,5326,557320,1461,1728,1564,NA,1111,505,418,0.818831,0.955645
2018-10-05,nat,201839,201728,63,4961,599567,1410,1545,1578,NA,1004,462,372,0.752503,0.82743
2018-10-05,nat,201839,201729,62,4764,585207,1403,1549,1426,NA,918,451,420,0.7372,0.814071
2018-10-05,nat,201839,201730,61,4880,596493,1382,1576,1516,NA,953,459,376,0.733096,0.818115
2018-10-05,nat,201839,201731,60,4899,590414,1393,1529,1485,NA,1037,415,433,0.73102,0.829757
2018-10-05,nat,201839,201732,59,4915,593240,1390,1559,1481,NA,1044,441,390,0.688338,0.828501
2018-10-05,nat,201839,201733,58,5230,590363,1351,1603,1691,NA,1097,427,412,0.732049,0.885896
2018-10-05,nat,201839,201734,57,6682,632771,1382,1977,2556,NA,1261,474,414,0.911641,1.05599
2018-10-05,nat,201839,201735,56,7133,638196,1371,2076,2726,NA,1302,526,503,1.02105,1.11768
2018-10-05,nat,201839,201736,55,7073,621296,1386,2074,2488,NA,1369,587,555,1.09335,1.13843
2018-10-05,nat,201839,201737,54,8317,733316,1486,2375,2947,NA,1658,709,628,1.09515,1.13416
2018-10-05,nat,201839,201738,53,8566,728970,1487,2544,3075,NA,1625,664,658,1.09699,1.17508
2018-10-05,nat,201839,201739,52,9079,733519,1470,2840,3201,NA,1652,746,640,1.18823,1.23773
2019-10-04,nat,201939,201740,103,12839,1002892,2220,3849,4556,NA,2488,1071,875,1.26589,1.2802
2019-10-04,nat,201939,201741,102,13267,996595,2245,4118,4453,NA,2676,1073,947,1.30479,1.33123
2019-10-04,nat,201939,201742,101,14319,1017076,2266,4408,4993,NA,2805,1139,974,1.34075,1.40786
2019-10-04,nat,201939,201743,100,15832,1006998,2266,5006,5531,NA,2922,1324,1049,1.51674,1.5722
2019-10-04,nat,201939,201744,99,17069,1002140,2222,5219,6134,NA,3289,1365,1062,1.74583,1.70326
2019-10-04,nat,201939,201745,98,19057,1021079,2288,6126,6671,NA,3609,1522,1129,1.88708,1.86636
2019-10-04,nat,201939,201746,97,21892,1054290,2296,6880,7577,NA,4243,1805,1387,2.05923,2.07647
2019-10-04,nat,201939,201747,96,19816,848314,2271,6945,5875,NA,3844,1707,1445,2.27971,2.33593
2019-10-04,nat,201939,201748,95,23752,1057350,2279,7008,7474,NA,5235,2206,1829,2.28379,2.24637
2019-10-04,nat,201939,201749,94,24955,1000183,2272,7229,8488,NA,5046,2335,1857,2.58278,2.49504
2019-10-04,nat,201939,201750,93,31502,984283,2262,8285,11259,NA,6671,2955,2332,3.36558,3.2005
2019-10-04,nat,201939,201751,92,42782,963978,2211,10447,14166,NA,9856,4580,3733,4.73117,4.43807
2019-10-04,nat,201939,201752,91,45255,828299,2132,11335,11540,NA,11507,5754,5119,5.70943,5.46361
2019-10-04,nat,201939,201801,90,47269,882271,2243,9410,11717,NA,13383,6871,5888,5.74658,5.35765
2019-10-04,nat,201939,201802,89,56761,1027466,2257,10053,17357,NA,15380,7772,6199,5.89207,5.52437
2019-10-04,nat,201939,201803,88,63036,993431,2286,11997,21897,NA,16012,7569,5561,6.51759,6.34528
2019-10-04,nat,201939,201804,87,77326,1101807,2288,13408,30625,NA,18317,8911,6065,7.16338,7.01811
2019-10-04,nat,201939,201805,86,85985,1105078,2275,14844,37200,NA,19086,8915,5940,7.52133,7.7809
2019-10-04,nat,201939,201806,85,87825,1130397,2299,15192,38606,NA,19527,8626,5874,7.38748,7.76939
2019-10-04,nat,201939,201807,84,76210,1118800,2227,13365,32124,NA,17203,8079,5439,6.44688,6.81176
2019-10-04,nat,201939,201808,83,53025,1028116,2272,10154,20450,NA,12437,5805,4179,4.95881,5.15749
2019-10-04,nat,201939,201809,82,36064,1013191,2208,7208,13392,NA,8485,4104,2875,3.68612,3.55945
2019-10-04,nat,201939,201810,81,29133,969427,2214,6368,10850,NA,6485,3138,2292,3.18626,3.00518
2019-10-04,nat,201939,201811,80,25938,949978,2201,5588,9468,NA,5928,2822,2132,2.76894,2.73038
2019-10-04,nat,201939,201812,79,23805,960779,2180,5223,8640,NA,5408,2563,1971,2.48706,2.47768
2019-10-04,nat,201939,201813,78,20693,875658,2144,4721,7214,NA,4720,2295,1743,2.40802,2.36314
2019-10-04,nat,201939,201814,77,19074,938963,2127,4553,6218,NA,4459,2153,1691,2.07483,2.03139
2019-10-04,nat,201939,201815,76,16664,923848,2086,4145,5505,NA,3749,1818,1447,1.77898,1.80376
2019-10-04,nat,201939,201816,75,14869,936950,2112,3856,5269,NA,3214,1427,1103,1.61487,1.58696
2019-10-04,nat,201939,201817,74,14552,946160,2088,3723,5336,NA,3026,1371,1096,1.5385,1.53801
2019-10-04,nat,201939,201818,73,13291,916783,2018,3658,4815,NA,2604,1217,997,1.52612,1.44974
2019-10-04,nat,201939,201819,72,11619,909661,1933,3444,4133,NA,2205,935,902,1.28847,1.27729
2019-10-04,nat,201939,201820,71,11066,906668,1977,3359,3764,NA,2239,905,799,1.18344,1.22051
2019-10-04,nat,201939,201821,70,10646,863879,1896,3385,3429,NA,2082,884,866,1.24919,1.23235
2019-10-04,nat,201939,201822,69,9608,785606,1802,3220,2987,NA,1822,846,733,1.14131,1.223
2019-10-04,nat,201939,201823,68,8693,830040,1798,2847,2552,NA,1838,802,654,0.9878,1.0473
2019-10-04,nat,201939,201824,67,7573,774246,1753,2375,2245,NA,1596,699,658,0.89556500000000006,0.978113
2019-10-04,nat,201939,201825,66,7373,778114,1773,2312,2162,NA,1554,729,616,0.892204,0.947548
2019-10-04,nat,201939,201826,65,6947,800757,1736,2206,1916,NA,1530,669,626,0.877184,0.867554
2019-10-04,nat,201939,201827,64,6258,760130,1780,2009,1862,NA,1299,539,549,0.780203,0.82328
2019-10-04,nat,201939,201828,63,6501,842647,1785,1943,1901,NA,1443,627,587,0.725075,0.771497
2019-10-04,nat,201939,201829,62,5786,818597,1748,1741,1720,NA,1290,566,469,0.68247,0.706819
2019-10-04,nat,201939,201830,61,5497,802300,1741,1665,1643,NA,1202,524,463,0.640393,0.685155
2019-10-04,nat,201939,201831,60,5612,816468,1724,1618,1769,NA,1246,525,454,0.639127,0.687351
2019-10-04,nat,201939,201832,59,5861,796621,1690,1726,1784,NA,1334,541,476,0.705637,0.735733
2019-10-04,nat,201939,201833,58,6537,810994,1725,1986,2170,NA,1387,516,478,0.707801,0.806048
2019-10-04,nat,201939,201834,57,7323,775731,1610,2239,2468,NA,1492,609,515,0.822659,0.944013
2019-10-04,nat,201939,201835,56,8111,844807,1681,2445,2830,NA,1638,656,542,0.859864,0.960101
2019-10-04,nat,201939,201836,55,9530,835027,1710,2814,3343,NA,1985,767,621,1.10083,1.14128
2019-10-04,nat,201939,201837,54,10065,876862,1708,2773,3660,NA,2112,829,691,1.15323,1.14784
2019-10-04,nat,201939,201838,53,11189,853109,1684,3242,3949,NA,2347,922,729,1.20178,1.31156
2019-10-04,nat,201939,201839,52,11767,933130,1710,3481,4198,NA,2488,931,669,1.2498,1.26102
2020-10-02,nat,202039,201840,103,17975,1266076,2611,4887,6341,NA,3886,1563,1298,1.41876,1.41974
2020-10-02,nat,202039,201841,102,18652,1266257,2651,5332,6279,NA,4048,1667,1326,1.40077,1.473
2020-10-02,nat,202039,201842,101,19948,1254844,2623,5589,6802,NA,4405,1752,1400,1.47139,1.58968
2020-10-02,nat,202039,201843,100,21634,1256271,2678,6249,7487,NA,4619,1835,1444,1.63634,1.72208
2020-10-02,nat,202039,201844,99,23169,1258405,2666,6869,8291,NA,4733,1825,1451,1.79125,1.84114
2020-10-02,nat,202039,201845,98,24085,1249921,2672,7509,8451,NA,4834,1840,1451,1.86871,1.92692
2020-10-02,nat,202039,201846,97,24419,1171062,2665,7821,8076,NA,5037,1998,1487,1.98121,2.0852
2020-10-02,nat,202039,201847,96,24635,1026187,2618,8607,7197,NA,5017,2112,1702,2.23487,2.40063
2020-10-02,nat,202039,201848,95,29096,1296156,2666,8890,8788,NA,6582,2758,2078,2.14572,2.24479
2020-10-02,nat,202039,201849,94,28377,1233986,2658,8809,9276,NA,5974,2456,1862,2.25134,2.29962
2020-10-02,nat,202039,201850,93,33113,1212127,2650,10156,11376,NA,6821,2779,1981,2.6411,2.73181
2020-10-02,nat,202039,201851,92,38260,1180820,2596,11515,12816,NA,8127,3322,2480,3.13478,3.24012
2020-10-02,nat,202039,201852,91,44012,1052725,2581,13615,12044,NA,10348,4471,3534,3.96538,4.18077
2020-10-02,nat,202039,201901,90,42135,1160440,2630,11686,9572,NA,11413,5204,4260,3.45972,3.63095
2020-10-02,nat,202039,201902,89,38815,1237552,2656,9369,10758,NA,10416,4826,3446,3.07558,3.13643
2020-10-02,nat,202039,201903,88,41199,1225384,2658,9703,14265,NA,10045,4235,2951,3.3258,3.36213
2020-10-02,nat,202039,201904,87,46241,1191426,2677,10765,16965,NA,11194,4457,2860,3.79773,3.88115
2020-10-02,nat,202039,201905,86,55264,1222020,2668,11628,22217,NA,13048,5116,3255,4.34227,4.52235
2020-10-02,nat,202039,201906,85,69732,1340765,2673,13899,29772,NA,15785,6174,4102,4.86953,5.20091
2020-10-02,nat,202039,201907,84,70056,1292464,2655,14246,29255,NA,15945,6333,4277,5.03689,5.42034
2020-10-02,nat,202039,201908,83,66461,1260932,2655,13634,26502,NA,15716,6124,4485,4.8812,5.27078
2020-10-02,nat,202039,201909,82,58802,1281115,2658,11647,23468,NA,13847,5706,4134,4.54791,4.58991
2020-10-02,nat,202039,201910,81,55431,1260615,2637,11168,21760,NA,13079,5368,4056,4.3762,4.39714
2020-10-02,nat,202039,201911,80,53177,1288273,2646,10986,20081,NA,12580,5353,4177,4.22692,4.12777
2020-10-02,nat,202039,201912,79,45668,1303765,2653,9721,16800,NA,10717,4532,3898,3.68251,3.50278
2020-10-02,nat,202039,201913,78,37948,1244935,2619,8644,13642,NA,8656,3811,3195,3.08559,3.04819
2020-10-02,nat,202039,201914,77,32941,1229217,2620,7606,11768,NA,7491,3274,2802,2.69831,2.67984
2020-10-02,nat,202039,201915,76,27854,1229148,2568,6754,10005,NA,6208,2568,2319,2.28676,2.26612
2020-10-02,nat,202039,201916,75,23147,1178058,2542,6325,7904,NA,4934,2108,1876,2.01217,1.96484
2020-10-02,nat,202039,201917,74,20610,1196855,2516,5698,6621,NA,4553,2000,1738,1.71323,1.72201
2020-10-02,nat,202039,201918,73,18864,1199386,2485,5369,6207,NA,4084,1667,1537,1.56678,1.5728
2020-10-02,nat,202039,201919,72,17107,1173980,2444,4789,5906,NA,3574,1480,1358,1.49827,1.45718
2020-10-02,nat,202039,201920,71,16459,1094840,2336,4649,5530,NA,3482,1437,1361,1.49961,1.50332
2020-10-02,nat,202039,201921,70,15763,1123869,2224,4601,5234,NA,3214,1347,1367,1.42123,1.40257
2020-10-02,nat,202039,201922,69,14776,1052737,2196,4442,4660,NA,3094,1279,1301,1.39258,1.40358
2020-10-02,nat,202039,201923,68,13451,1086961,2258,3937,4115,NA,2952,1242,1205,1.21697,1.23749
2020-10-02,nat,202039,201924,67,12106,1079343,2206,3506,3741,NA,2729,1051,1079,1.11266,1.12161
2020-10-02,nat,202039,201925,66,10695,1056024,2159,3056,3288,NA,2425,998,928,0.991888,1.01276
2020-10-02,nat,202039,201926,65,10027,1044732,2084,2955,3117,NA,2183,910,862,0.946401,0.959768
2020-10-02,nat,202039,201927,64,8722,992358,2154,2512,2726,NA,1911,797,776,0.874695,0.878917
2020-10-02,nat,202039,201928,63,8425,1060841,2111,2346,2661,NA,1882,799,737,0.809169,0.794181
2020-10-02,nat,202039,201929,62,8116,1058986,2154,2222,2571,NA,1862,757,704,0.75452,0.766394
2020-10-02,nat,202039,201930,61,7787,1040191,2140,2138,2466,NA,1805,763,615,0.732983,0.748613
2020-10-02,nat,202039,201931,60,7884,1041320,2151,2354,2438,NA,1830,658,604,0.725811,0.757116
2020-10-02,nat,202039,201932,59,8060,1046625,2167,2102,2392,NA,2042,766,758,0.754209,0.770094
2020-10-02,nat,202039,201933,58,8994,1079056,2200,2634,2831,NA,2047,788,694,0.729672,0.833506
2020-10-02,nat,202039,201934,57,10103,1074399,2170,2911,3503,NA,2211,762,716,0.839875,0.94034
2020-10-02,nat,202039,201935,56,11904,1100212,2193,3428,4244,NA,2559,896,777,0.989358,1.08197
2020-10-02,nat,202039,201936,55,13188,1097022,2217,3810,4548,NA,2927,1033,870,1.1354,1.20216
2020-10-02,nat,202039,201937,54,14843,1166071,2247,3912,5502,NA,3297,1173,959,1.23124,1.27291
2020-10-02,nat,202039,201938,53,16001,1152730,2224,4469,5678,NA,3577,1251,1026,1.24448,1.3881
2020-10-02,nat,202039,201939,52,17453,1167311,2211,4981,6121,NA,3882,1368,1101,1.3379,1.49515
2021-10-08,nat,202139,201940,104,21916,1458307,2912,6219,7658,NA,4827,1764,1448,1.49002,1.50284
2021-10-08,nat,202139,201941,103,22954,1436748,2942,6550,7638,NA,5148,2015,1603,1.59192,1.59764
2021-10-08,nat,202139,201942,102,24886,1430800,2966,7287,8292,NA,5548,2110,1649,1.72572,1.73931
2021-10-08,nat,202139,201943,101,27419,1473831,2997,7892,9349,NA,6080,2305,1793,1.83419,1.86039
2021-10-08,nat,202139,201944,100,28910,1435369,3005,8658,10068,NA,6143,2279,1762,2.04008,2.01412
2021-10-08,nat,202139,201945,99,34586,1463253,3022,10557,12551,NA,7182,2453,1843,2.39351,2.36364
2021-10-08,nat,202139,201946,98,37732,1426928,2991,11446,13671,NA,7905,2741,1969,2.63251,2.64428
2021-10-08,nat,202139,201947,97,44161,1484969,2987,12716,17058,NA,9138,3101,2148,2.89941,2.97387
2021-10-08,nat,202139,201948,96,44044,1275199,2993,14444,14821,NA,9209,3199,2371,3.41501,3.45389
2021-10-08,nat,202139,201949,95,48904,1476208,2995,13852,16397,NA,11947,3929,2779,3.2579,3.31281
2021-10-08,nat,202139,201950,94,56444,1458774,2958,14728,21877,NA,12822,4114,2903,3.94308,3.86928
2021-10-08,nat,202139,201951,93,71594,1424436,2926,18001,29182,NA,16227,4835,3349,5.06435,5.02613
2021-10-08,nat,202139,201952,92,95757,1338669,2917,24097,34004,NA,24617,7638,5401,7.06161,7.15315
2021-10-08,nat,202139,202001,91,88731,1426691,2970,21594,23392,NA,27655,9209,6881,5.90066,6.21936
2021-10-08,nat,202139,202002,90,75614,1492251,3002,15564,22756,NA,23634,8196,5464,4.9402,5.06711
2021-10-08,nat,202139,202003,89,79783,1489132,2995,16587,29668,NA,21413,7386,4729,5.33135,5.35768
2021-10-08,nat,202139,202004,88,90150,1496826,2997,18574,35275,NA,23658,7973,4670,6.07822,6.02274
2021-10-08,nat,202139,202005,87,108307,1575900,2995,20299,44117,NA,28889,9527,5475,6.74724,6.87271
2021-10-08,nat,202139,202006,86,111361,1571657,3005,20270,45513,NA,29823,10049,5706,6.80157,7.08558
2021-10-08,nat,202139,202007,85,95418,1533883,2969,17393,36909,NA,26428,9231,5457,6.11292,6.22068
2021-10-08,nat,202139,202008,84,80559,1433517,2984,15330,28531,NA,23189,8320,5189,5.52513,5.61968
2021-10-08,nat,202139,202009,83,74823,1466346,2947,13820,25490,NA,22127,8276,5110,5.12333,5.10268
2021-10-08,nat,202139,202010,82,78779,1489410,2913,13888,26396,NA,23906,8891,5698,5.26652,5.28928
2021-10-08,nat,202139,202011,81,89607,1425172,2847,14154,27756,NA,29667,11334,6696,5.66932,6.28745
2021-10-08,nat,202139,202012,80,78584,1068755,2810,10790,17512,NA,30818,12478,6986,6.38029,7.35285
2021-10-08,nat,202139,202013,79,53142,853431,2738,5129,8322,NA,22408,10825,6458,4.91692,6.22687
2021-10-08,nat,202139,202014,78,36251,750546,2696,2359,4852,NA,14964,8696,5380,3.78625,4.82995
2021-10-08,nat,202139,202015,77,24974,718953,2698,1496,3426,NA,9995,6043,4014,2.80122,3.47366
2021-10-08,nat,202139,202016,76,18274,709970,2679,1068,2667,NA,7427,4184,2928,2.12907,2.57391
2021-10-08,nat,202139,202017,75,15164,750576,2663,926,2317,NA,6339,3289,2293,1.73315,2.02032
2021-10-08,nat,202139,202018,74,12821,790883,2635,864,2098,NA,5292,2670,1897,1.40939,1.6211
2021-10-08,nat,202139,202019,73,11058,817791,2624,720,1883,NA,4588,2243,1624,1.18657,1.35218
2021-10-08,nat,202139,202020,72,10480,846493,2613,788,1960,NA,4112,2171,1449,1.11444,1.23805
2021-10-08,nat,202139,202021,71,11416,1059901,2963,900,2221,NA,4463,2208,1624,1.00711,1.07708
2021-10-08,nat,202139,202022,70,9605,1082074,2946,805,1893,NA,3568,1878,1461,0.889878,0.887647
2021-10-08,nat,202139,202023,69,9318,1134988,2925,801,1967,NA,3437,1704,1409,0.815858,0.820978
2021-10-08,nat,202139,202024,68,9572,1174543,2899,878,2139,NA,3452,1725,1378,0.837779,0.814955
2021-10-08,nat,202139,202025,67,11866,1247096,2935,1005,2679,NA,4709,2001,1472,0.929189,0.951491
2021-10-08,nat,202139,202026,66,15490,1287264,2892,1212,3487,NA,6240,2649,1902,1.1387100000000001,1.20333
2021-10-08,nat,202139,202027,65,17826,1287401,2888,1394,3965,NA,7027,3218,2222,1.27591,1.38465
2021-10-08,nat,202139,202028,64,20043,1360037,2913,1544,4092,NA,8011,3764,2632,1.34978,1.47371
2021-10-08,nat,202139,202029,63,19250,1338613,2887,1657,4070,NA,7522,3565,2436,1.34436,1.43806
2021-10-08,nat,202139,202030,62,16523,1355190,2948,1634,3554,NA,6101,3089,2145,1.22126,1.21924
2021-10-08,nat,202139,202031,61,15514,1346820,2986,1608,3493,NA,5705,2594,2114,1.15381,1.1519
2021-10-08,nat,202139,202032,60,14103,1333292,2945,1570,3268,NA,4974,2360,1931,1.0649,1.05776
2021-10-08,nat,202139,202033,59,13131,1338686,2965,1587,3141,NA,4482,2166,1755,0.979173,0.980887
2021-10-08,nat,202139,202034,58,12900,1344069,2923,1804,3263,NA,4285,1888,1660,0.967664,0.959772
2021-10-08,nat,202139,202035,57,13138,1351058,2957,1864,3942,NA,4026,1819,1487,1.00158,0.972423
2021-10-08,nat,202139,202036,56,12232,1336359,2907,1766,3574,NA,3738,1686,1468,0.917339,0.915323
2021-10-08,nat,202139,202037,55,13001,1326890,2894,1995,3806,NA,3969,1790,1441,1.02954,0.97981
2021-10-08,nat,202139,202038,54,13005,1359239,2921,2068,3609,NA,4057,1788,1483,0.975797,0.956785
2021-10-08,nat,202139,202039,53,14457,1397083,2919,2273,4311,NA,4385,1930,1558,1.0586,1.0348
2022-10-07,nat,202239,202040,104,16570,1542071,3332,2467,4748,NA,5122,2376,1857,1.0872,1.07453
2022-10-07,nat,202239,202041,103,19194,1619788,3373,2562,5258,NA,6035,3012,2327,1.20898,1.18497
2022-10-07,nat,202239,202042,102,17281,1584807,3351,2316,4631,NA,5674,2554,2106,1.10874,1.09042
2022-10-07,nat,202239,202043,101,18187,1582393,3377,2457,4852,NA,5864,2834,2180,1.18588,1.14934
2022-10-07,nat,202239,202044,100,18612,1566538,3471,2515,4924,NA,6101,2770,2302,1.25,1.1881
2022-10-07,nat,202239,202045,99,21410,1603163,3470,2727,5837,NA,7094,3291,2461,1.43782,1.33548
2022-10-07,nat,202239,202046,98,22623,1641763,3436,2776,5549,NA,7686,3736,2876,1.48426,1.37797
2022-10-07,nat,202239,202047,97,22722,1592518,3376,2693,5342,NA,7829,3960,2898,1.54717,1.4268
2022-10-07,nat,202239,202048,96,21320,1425127,3378,2485,4585,NA,7094,3962,3194,1.60668,1.49601
2022-10-07,nat,202239,202049,95,22305,1539568,3382,2604,4875,NA,7698,3988,3140,1.56586,1.44878
2022-10-07,nat,202239,202050,94,22219,1554103,3400,2567,4726,NA,7530,4073,3323,1.52073,1.4297
2022-10-07,nat,202239,202051,93,20886,1493692,3340,2482,4282,NA,7131,3846,3145,1.50659,1.39828
2022-10-07,nat,202239,202052,92,19852,1362314,3343,2323,3564,NA,6632,3925,3408,1.55413,1.45723
2022-10-07,nat,202239,202053,91,22436,1458493,3322,2585,3934,NA,7729,4520,3668,1.5907,1.5383
2022-10-07,nat,202239,202101,90,22720,1583355,3358,2414,4549,NA,7979,4363,3415,1.47569,1.43493
2022-10-07,nat,202239,202102,89,19194,1518947,3332,2380,4056,NA,6402,3525,2831,1.29196,1.26364
2022-10-07,nat,202239,202103,88,18353,1515597,3356,2566,4056,NA,5878,3311,2542,1.25191,1.21094
2022-10-07,nat,202239,202104,87,16910,1506379,3367,2560,3955,NA,5345,2810,2240,1.10337,1.12256
2022-10-07,nat,202239,202105,86,16101,1488119,3337,2636,4015,NA,4996,2527,1927,1.16554,1.08197
2022-10-07,nat,202239,202106,85,14108,1447245,3288,2557,3736,NA,4103,2136,1576,1.00745,0.974818
2022-10-07,nat,202239,202107,84,12602,1388655,3297,2320,3146,NA,3710,1922,1504,0.986987,0.907497
2022-10-07,nat,202239,202108,83,13347,1551120,3318,2544,3541,NA,3841,1900,1521,0.862967,0.860475
2022-10-07,nat,202239,202109,82,13017,1544694,3319,2773,3544,NA,3536,1813,1351,0.82875,0.842691
2022-10-07,nat,202239,202110,81,14098,1560517,3325,3220,3811,NA,3785,1906,1376,0.883305,0.903419
2022-10-07,nat,202239,202111,80,14580,1551754,3268,3515,3856,NA,3940,1909,1360,0.90874,0.939582
2022-10-07,nat,202239,202112,79,15359,1599523,3242,3817,3915,NA,4216,2057,1354,0.948022,0.960224
2022-10-07,nat,202239,202113,78,15994,1602603,3301,4116,4089,NA,4395,2129,1265,0.974936,0.998001
2022-10-07,nat,202239,202114,77,18148,1683278,3323,4740,4692,NA,5062,2290,1364,1.06411,1.07813
2022-10-07,nat,202239,202115,76,19177,1729037,3324,5227,4909,NA,5292,2364,1385,1.08168,1.10911
2022-10-07,nat,202239,202116,75,19313,1679142,3290,5764,5095,NA,4859,2143,1452,1.10339,1.15017
2022-10-07,nat,202239,202117,74,20134,1702520,3303,6335,5517,NA,4818,2045,1419,1.13164,1.1826
2022-10-07,nat,202239,202118,73,19937,1649771,3272,6822,5403,NA,4620,1803,1289,1.1483,1.20847
2022-10-07,nat,202239,202119,72,20373,1623653,3255,7366,5492,NA,4364,1843,1308,1.19144,1.25476
2022-10-07,nat,202239,202120,71,21266,1683332,3233,8352,5414,NA,4421,1745,1334,1.24686,1.26333
2022-10-07,nat,202239,202121,70,19685,1652632,3184,7953,4967,NA,3990,1596,1179,1.14576,1.19113
2022-10-07,nat,202239,202122,69,20152,1610198,3182,8502,4856,NA,3978,1576,1240,1.18405,1.25152
2022-10-07,nat,202239,202123,68,19188,1675241,3148,8097,4646,NA,3692,1528,1225,1.12999,1.14539
2022-10-07,nat,202239,202124,67,19672,1659980,3107,8536,4619,NA,3805,1515,1197,1.19103,1.18507
2022-10-07,nat,202239,202125,66,19896,1644041,3093,8514,4611,NA,3815,1652,1304,1.21258,1.21019
2022-10-07,nat,202239,202126,65,20103,1657572,3092,8369,4757,NA,4006,1678,1293,1.2132,1.2128
2022-10-07,nat,202239,202127,64,22376,1683488,3094,8719,5310,NA,4860,1978,1509,1.26708,1.32915
2022-10-07,nat,202239,202128,63,25263,1751226,3103,9193,5930,NA,6030,2400,1710,1.38688,1.44259
2022-10-07,nat,202239,202129,62,30554,1787598,3102,10372,7171,NA,7962,2899,2150,1.64767,1.70922
2022-10-07,nat,202239,202130,61,35221,1844702,3088,11144,8575,NA,9254,3618,2630,1.799,1.90931
2022-10-07,nat,202239,202131,60,37762,1840212,3085,11102,8901,NA,10547,4328,2884,1.94947,2.05205
2022-10-07,nat,202239,202132,59,40069,1859035,3079,11264,10105,NA,11227,4556,2917,2.03512,2.15537
2022-10-07,nat,202239,202133,58,42753,1856032,3071,11809,12282,NA,11022,4744,2896,2.19023,2.30346
2022-10-07,nat,202239,202134,57,43062,1866295,3066,11982,13529,NA,10384,4341,2826,2.23843,2.30735
2022-10-07,nat,202239,202135,56,40878,1814941,3067,11745,13057,NA,9562,3889,2625,2.26655,2.2523
2022-10-07,nat,202239,202136,55,39438,1782067,3057,11711,12253,NA,9090,3738,2646,2.21303,2.21305
2022-10-07,nat,202239,202137,54,36222,1806283,3095,11254,11583,NA,7783,3296,2306,2.04664,2.00533
2022-10-07,nat,202239,202138,53,34019,1756033,3076,10928,11397,NA,6861,2768,2065,1.9014,1.93726
2022-10-07,nat,202239,202139,52,30002,1628298,2919,10142,10065,NA,5638,2320,1837,1.84504,1.84254
2023-10-06,nat,202339,202140,103,39606,2016770,3590,13160,13177,NA,7483,3206,2580,2.03726,1.96383
2023-10-06,nat,202339,202141,102,37639,1975130,3580,13073,11987,NA,7121,2973,2485,1.94864,1.90565
2023-10-06,nat,202339,202142,101,35684,1918446,3538,12494,11448,NA,6452,2940,2350,1.92538,1.86005
2023-10-06,nat,202339,202143,100,36616,1934216,3572,12858,11881,NA,6669,2850,2358,1.9789,1.89307
2023-10-06,nat,202339,202144,99,39986,1917029,3578,13295,14444,NA,6961,2918,2368,2.1334,2.08583
2023-10-06,nat,202339,202145,98,44242,1989010,3601,14559,15933,NA,7836,3190,2724,2.25788,2.22432
2023-10-06,nat,202339,202146,97,47047,1996913,3591,14735,17350,NA,8519,3635,2808,2.41079,2.35599
2023-10-06,nat,202339,202147,96,43297,1762035,3584,14913,13394,NA,8173,3715,3102,2.51762,2.45722
2023-10-06,nat,202339,202148,95,52671,2056405,3608,15161,17338,NA,11287,4880,4005,2.55244,2.56131
2023-10-06,nat,202339,202149,94,55027,2026604,3613,14968,19950,NA,11367,4856,3886,2.72476,2.71523
2023-10-06,nat,202339,202150,93,62539,2018579,3584,16285,23449,NA,13614,5230,3961,3.14645,3.09817
2023-10-06,nat,202339,202151,92,79184,1941911,3564,18514,25049,NA,22550,7767,5304,4.00686,4.07763
2023-10-06,nat,202339,202152,91,113921,2246767,3532,24118,28970,NA,38319,13517,8997,4.90468,5.07044
2023-10-06,nat,202339,202201,90,93323,2179176,3562,17048,24806,NA,31466,12064,7939,4.32906,4.28249
2023-10-06,nat,202339,202202,89,69158,2025052,3568,12222,20205,NA,21822,8731,6178,3.5344,3.41512
2023-10-06,nat,202339,202203,88,48685,1811493,3573,9526,13305,NA,15080,6219,4555,2.82024,2.68756
2023-10-06,nat,202339,202204,87,34720,1763472,3554,7300,9503,NA,9847,4562,3508,2.06558,1.96884
2023-10-06,nat,202339,202205,86,25809,1655407,3488,6083,7740,NA,6418,3016,2552,1.68092,1.55907
2023-10-06,nat,202339,202206,85,23719,1771418,3548,6395,7604,NA,5166,2401,2153,1.44022,1.33898
2023-10-06,nat,202339,202207,84,23930,1746548,3545,6915,8497,NA,4640,2080,1798,1.48974,1.37013
2023-10-06,nat,202339,202208,83,23620,1725348,3546,7065,8336,NA,4638,1814,1767,1.46266,1.369
2023-10-06,nat,202339,202209,82,25789,1812738,3541,7422,9827,NA,5004,1862,1674,1.58728,1.42265
2023-10-06,nat,202339,202210,81,28073,1815454,3563,8209,11091,NA,5054,1949,1770,1.70339,1.54633
2023-10-06,nat,202339,202211,80,31342,1867703,3535,9041,12118,NA,5909,2199,2075,1.83335,1.6781
2023-10-06,nat,202339,202212,79,32433,1873589,3531,9306,12647,NA,5974,2337,2169,1.87057,1.73106
2023-10-06,nat,202339,202213,78,34811,1877763,3518,9612,13658,NA,6754,2382,2405,1.97612,1.85385
2023-10-06,nat,202339,202214,77,38128,1912563,3526,10560,15181,NA,7268,2571,2548,2.07126,1.99356
2023-10-06,nat,202339,202215,76,40953,1923288,3518,11334,16092,NA,7834,2865,2828,2.16302,2.12932
2023-10-06,nat,202339,202216,75,42072,1927606,3530,11732,15745,NA,8310,3170,3115,2.20418,2.1826
2023-10-06,nat,202339,202217,74,44980,2033467,3520,12656,16956,NA,8682,3350,3336,2.24681,2.21199
2023-10-06,nat,202339,202218,73,47787,1979594,3442,12834,18627,NA,9398,3607,3321,2.3613,2.41398
2023-10-06,nat,202339,202219,72,53380,2061117,3465,14818,20490,NA,10334,3886,3852,2.48314,2.58986
2023-10-06,nat,202339,202220,71,54062,2076213,3449,15053,20742,NA,10453,3980,3834,2.45354,2.60388
2023-10-06,nat,202339,202221,70,53992,2038685,3409,15267,20530,NA,10405,4075,3715,2.39624,2.64837
2023-10-06,nat,202339,202222,69,51879,1961919,3381,15815,17513,NA,10585,4063,3903,2.4335,2.6443
2023-10-06,nat,202339,202223,68,45240,1972798,3373,14154,13726,NA,9654,3941,3765,2.16334,2.29319
2023-10-06,nat,202339,202224,67,40250,1940774,3335,12858,11205,NA,8941,3665,3581,1.98842,2.07391
2023-10-06,nat,202339,202225,66,37830,1972377,3387,11865,9933,NA,8676,3736,3620,1.87678,1.91799
2023-10-06,nat,202339,202226,65,34570,1918841,3267,11066,8513,NA,8006,3524,3461,1.80274,1.80161
2023-10-06,nat,202339,202227,64,34995,1951308,3379,10585,8593,NA,8382,3699,3736,1.81978,1.79341
2023-10-06,nat,202339,202228,63,33011,1978336,3346,9525,8111,NA,8324,3546,3505,1.67886,1.66862
2023-10-06,nat,202339,202229,62,32613,1980449,3348,9361,8116,NA,8219,3485,3432,1.65939,1.64675
2023-10-06,nat,202339,202230,61,32040,1944269,3323,9153,7859,NA,8056,3485,3487,1.67083,1.64792
2023-10-06,nat,202339,202231,60,29647,1958644,3346,8661,7477,NA,7297,3105,3107,1.52259,1.51365
2023-10-06,nat,202339,202232,59,28923,1910699,3285,8392,7907,NA,6892,2828,2904,1.50755,1.51374
2023-10-06,nat,202339,202233,58,31572,1949974,3329,9479,9934,NA,6659,2819,2681,1.60507,1.6191
2023-10-06,nat,202339,202234,57,35788,1977251,3318,10793,12593,NA,7079,2730,2593,1.83793,1.80999
2023-10-06,nat,202339,202235,56,37529,1980457,3299,11526,13893,NA,6987,2671,2452,1.96433,1.89497
2023-10-06,nat,202339,202236,55,38334,1967653,3324,12548,13475,NA,6978,2701,2632,2.02422,1.94821
2023-10-06,nat,202339,202237,54,39760,2017659,3350,13400,14579,NA,6735,2606,2440,2.0351,1.9706
2023-10-06,nat,202339,202238,53,44666,2032523,3361,15938,16694,NA,6906,2648,2480,2.28352,2.19756
2023-10-06,nat,202339,202239,52,46154,2013977,3383,17047,16768,NA,6911,2784,2644,2.36029,2.29168
2024-10-04,nat,202439,202240,103,57318,2209814,3684,18503,20141,NA,10718,4094,3862,2.61257,2.59379
2024-10-04,nat,202439,202241,102,63388,2223106,3720,20623,22779,NA,11519,4394,4073,3.00763,2.85133
2024-10-04,nat,202439,202242,101,75615,2279700,3726,23713,28368,NA,13719,5303,4512,3.31975,3.31688
2024-10-04,nat,202439,202243,100,109496,2462467,3788,32012,45003,NA,19586,7037,5858,4.3682,4.4466
2024-10-04,nat,202439,202244,99,139247,2510305,3776,37474,61015,NA,25460,8469,6829,5.42144,5.54702
2024-10-04,nat,202439,202245,98,140055,2468962,3793,38651,57053,NA,26941,9791,7619,5.73522,5.67263
2024-10-04,nat,202439,202246,97,137419,2396019,3777,34849,55229,NA,28672,10171,8498,5.91793,5.73531
2024-10-04,nat,202439,202247,96,164936,2237505,3765,39539,62925,NA,36157,13876,12439,7.42531,7.37142
2024-10-04,nat,202439,202248,95,185673,2564503,3767,38495,63623,NA,48042,18626,16887,7.21822,7.24012
2024-10-04,nat,202439,202249,94,167248,2448985,3750,32316,62563,NA,40778,16557,15034,6.87034,6.82928
2024-10-04,nat,202439,202250,93,151672,2347026,3751,28976,55613,NA,38007,15506,13570,6.29772,6.4623100000000004
2024-10-04,nat,202439,202251,92,129978,2116491,3715,25500,41624,NA,34587,14564,13703,6.00293,6.1412
2024-10-04,nat,202439,202252,91,112531,2058533,3703,22891,27251,NA,31974,14961,15454,5.33838,5.46656
2024-10-04,nat,202439,202301,90,92034,2257219,3740,16651,21006,NA,27662,13549,13166,3.93482,4.07732
2024-10-04,nat,202439,202302,89,67720,2214718,3737,12231,18061,NA,19912,9135,8381,2.94553,3.05773
2024-10-04,nat,202439,202303,88,57770,2134322,3730,11720,16915,NA,15844,7000,6291,2.63811,2.70671
2024-10-04,nat,202439,202304,87,58231,2179097,3716,12170,18680,NA,15618,6410,5353,2.62522,2.67225
2024-10-04,nat,202439,202305,86,59326,2208786,3734,12686,19751,NA,15506,6113,5270,2.58477,2.68591
2024-10-04,nat,202439,202306,85,62258,2301891,3735,13271,20964,NA,15921,6469,5633,2.59148,2.70465
2024-10-04,nat,202439,202307,84,59665,2262519,3695,13127,19818,NA,15055,6263,5402,2.5701,2.6371000000000002
2024-10-04,nat,202439,202308,83,57223,2212367,3719,13478,18410,NA,13880,6054,5401,2.52707,2.58651
2024-10-04,nat,202439,202309,82,55682,2278801,3725,12693,18281,NA,13849,5769,5090,2.40469,2.44348
2024-10-04,nat,202439,202310,81,54686,2274369,3722,12840,18388,NA,13379,5365,4714,2.3571,2.40445
2024-10-04,nat,202439,202311,80,54263,2228243,3713,13086,17814,NA,13264,5298,4801,2.3545,2.43524
2024-10-04,nat,202439,202312,79,55394,2295244,3665,13043,18685,NA,13685,5286,4695,2.31096,2.41343
2024-10-04,nat,202439,202313,78,53342,2270922,3688,12413,18078,NA,13208,5005,4638,2.25771,2.34891
2024-10-04,nat,202439,202314,77,48355,2191695,3680,11586,15673,NA,11976,4783,4337,2.12953,2.20628
2024-10-04,nat,202439,202315,76,46725,2254413,3665,11151,14832,NA,11853,4552,4337,2.01047,2.0726
2024-10-04,nat,202439,202316,75,44507,2277306,3680,9912,14788,NA,11388,4361,4058,1.90776,1.95437
2024-10-04,nat,202439,202317,74,44802,2270577,3677,10041,15803,NA,11176,4133,3649,1.90393,1.97315
2024-10-04,nat,202439,202318,73,45582,2259439,3652,10013,16115,NA,11224,4283,3947,1.93608,2.0174
2024-10-04,nat,202439,202319,72,45769,2295923,3654,10187,16725,NA,11067,4072,3718,1.90846,1.99349
2024-10-04,nat,202439,202320,71,43287,2201602,3653,9740,15517,NA,10697,3875,3458,1.88236,1.96616
2024-10-04,nat,202439,202321,70,41516,2169098,3518,9389,14611,NA,10386,3640,3490,1.83328,1.91398
2024-10-04,nat,202439,202322,69,41589,2145684,3601,9568,14220,NA,10413,3845,3543,1.83857,1.93826
2024-10-04,nat,202439,202323,68,36939,2182091,3583,8309,11628,NA,9954,3622,3426,1.57748,1.69283
2024-10-04,nat,202439,202324,67,33880,2151633,3589,7741,10223,NA,9289,3447,3180,1.48614,1.57462
2024-10-04,nat,202439,202325,66,30889,2139112,3582,6998,8941,NA,8727,3236,2987,1.36472,1.44401
2024-10-04,nat,202439,202326,65,28486,2151758,3539,6388,8012,NA,8130,3046,2910,1.27095,1.32385
2024-10-04,nat,202439,202327,64,26648,2064286,3569,5944,7475,NA,7472,2940,2817,1.22553,1.29091
2024-10-04,nat,202439,202328,63,25903,2155400,3542,5608,7043,NA,7567,2925,2760,1.15793,1.20177
2024-10-04,nat,202439,202329,62,25802,2163359,3560,5718,6836,NA,7476,2931,2841,1.12685,1.19268
2024-10-04,nat,202439,202330,61,26417,2146245,3551,5812,7046,NA,7475,3137,2947,1.16805,1.23085
2024-10-04,nat,202439,202331,60,26896,2132922,3542,5678,6966,NA,7979,3273,3000,1.20299,1.26099
2024-10-04,nat,202439,202332,59,29313,2156467,3521,5982,7764,NA,8642,3560,3365,1.27357,1.35931
2024-10-04,nat,202439,202333,58,33663,2186399,3533,6688,9759,NA,9791,3784,3641,1.44821,1.53965
2024-10-04,nat,202439,202334,57,40979,2243946,3524,8234,13151,NA,11256,4300,4038,1.70391,1.8262
2024-10-04,nat,202439,202335,56,44411,2245988,3537,8980,14664,NA,11792,4630,4345,1.93305,1.97735
2024-10-04,nat,202439,202336,55,44734,2209523,3538,9546,14159,NA,11819,4621,4589,2.00204,2.0246
2024-10-04,nat,202439,202337,54,45287,2274050,3558,9485,14904,NA,11798,4699,4401,1.94047,1.99147
2024-10-04,nat,202439,202338,53,48265,2261308,3558,10912,16162,NA,11970,4711,4510,2.03761,2.13438
2024-10-04,nat,202439,202339,52,49269,2260617,3552,11376,16110,NA,12299,4934,4550,2.0899200000000002,2.17945
2025-09-26,nat,202538,202340,102,56309,2489991,4103,13519,19001,NA,13441,5294,5054,2.27908,2.26141
2025-09-26,nat,202538,202341,101,57503,2484429,4124,14419,18593,NA,13964,5431,5096,2.33755,2.31454
2025-09-26,nat,202538,202342,100,62457,2482069,4105,15704,20290,NA,14454,5814,6195,2.52242,2.51633
2025-09-26,nat,202538,202343,99,67774,2523186,4135,16986,22514,NA,15480,6082,6712,2.71275,2.68605
2025-09-26,nat,202538,202344,98,72208,2477704,4126,17793,24797,NA,16585,6337,6696,2.94538,2.91431
2025-09-26,nat,202538,202345,97,85458,2567706,4122,21464,29463,NA,19331,7439,7761,3.40957,3.32818
2025-09-26,nat,202538,202346,96,90973,2544844,4129,22031,30863,NA,21568,8086,8425,3.6903,3.5748
2025-09-26,nat,202538,202347,95,85522,2255831,4141,22396,25939,NA,20391,8378,8418,3.92958,3.79115
2025-09-26,nat,202538,202348,94,103664,2616442,4111,22638,30346,NA,28337,11136,11207,4.03334,3.96202
2025-09-26,nat,202538,202349,93,114169,2619366,4073,23367,38203,NA,29030,12200,11369,4.38382,4.35865
2025-09-26,nat,202538,202350,92,136079,2611355,4093,26102,48365,NA,35036,14003,12573,5.18426,5.21105
2025-09-26,nat,202538,202351,91,163310,2586137,4062,29797,53504,NA,45268,18114,16627,6.23157,6.31482
2025-09-26,nat,202538,202352,90,166197,2405363,4043,31368,41682,NA,49904,21635,21608,6.7962,6.90944
2025-09-26,nat,202538,202401,89,143950,2497365,4078,24691,32324,NA,47024,20529,19382,5.71536,5.76408
2025-09-26,nat,202538,202402,88,118061,2483819,4064,18090,31314,NA,36949,16352,15356,4.66576,4.7532
2025-09-26,nat,202538,202403,87,100111,2299842,4084,16160,29171,NA,30578,12643,11559,4.32446,4.35295
2025-09-26,nat,202538,202404,86,105578,2498999,4110,16238,34392,NA,31797,12498,10653,4.22972,4.22481
2025-09-26,nat,202538,202405,85,107946,2522125,4093,17275,38578,NA,30429,11603,10061,4.42065,4.27996
2025-09-26,nat,202538,202406,84,112984,2566895,4095,17971,41796,NA,31617,11550,10050,4.45705,4.40158
2025-09-26,nat,202538,202407,83,108413,2499747,4088,17414,39008,NA,30780,11242,9969,4.35511,4.33696
2025-09-26,nat,202538,202408,82,107398,2483847,4073,17611,37089,NA,31223,11309,10166,4.33545,4.32386
2025-09-26,nat,202538,202409,81,104700,2555691,4058,17307,35950,NA,30505,11037,9901,4.0587,4.09674
2025-09-26,nat,202538,202410,80,94776,2529424,4077,16504,33084,NA,26658,9708,8822,3.72797,3.74694
2025-09-26,nat,202538,202411,79,84989,2498605,4022,15886,29174,NA,23711,8472,7746,3.39722,3.40146
2025-09-26,nat,202538,202412,78,78492,2488074,4069,15075,26537,NA,21956,7812,7112,3.08528,3.15473
2025-09-26,nat,202538,202413,77,73783,2428005,4060,14416,23569,NA,21208,7490,7100,2.97703,3.03883
2025-09-26,nat,202538,202414,76,68552,2420608,4049,13933,20521,NA,20152,7159,6787,2.76586,2.83202
2025-09-26,nat,202538,202415,75,64523,2488849,4064,13273,19776,NA,18246,6845,6383,2.53824,2.59248
2025-09-26,nat,202538,202416,74,57547,2507721,4046,11850,18343,NA,15637,5942,5775,2.24747,2.29479
2025-09-26,nat,202538,202417,73,55418,2465351,4020,11393,18200,NA,14892,5642,5291,2.19144,2.24787
2025-09-26,nat,202538,202418,72,53521,2493729,3976,11132,17618,NA,14266,5364,5141,2.09931,2.14622
2025-09-26,nat,202538,202419,71,50413,2468736,4018,10360,16453,NA,13410,5172,5018,2.00488,2.04206
2025-09-26,nat,202538,202420,70,49410,2426743,3967,10406,15797,NA,13165,5051,4991,1.97657,2.03606
2025-09-26,nat,202538,202421,69,47573,2428922,3921,9846,14632,NA,12852,5281,4962,1.90707,1.95861
2025-09-26,nat,202538,202422,68,44745,2328017,3907,9662,13377,NA,11925,4833,4948,1.87651,1.92202
2025-09-26,nat,202538,202423,67,41225,2387650,3886,8272,11482,NA,11763,4803,4905,1.66065,1.72659
2025-09-26,nat,202538,202424,66,37749,2350585,3883,7428,10240,NA,10852,4591,4638,1.58178,1.60594
2025-09-26,nat,202538,202425,65,35810,2321170,3881,6737,9063,NA,10989,4334,4687,1.49244,1.54276
2025-09-26,nat,202538,202426,64,35224,2351985,3823,6270,9104,NA,10632,4530,4688,1.4663,1.49763
2025-09-26,nat,202538,202427,63,32130,2220134,3865,5818,8091,NA,9483,4037,4701,1.37639,1.44721
2025-09-26,nat,202538,202428,62,35017,2418108,3852,6105,8834,NA,10810,4636,4632,1.45548,1.44812
2025-09-26,nat,202538,202429,61,33357,2322374,3798,5708,8308,NA,10232,4481,4628,1.45233,1.43633
2025-09-26,nat,202538,202430,60,34816,2314401,3879,6025,8686,NA,10737,4552,4816,1.52211,1.50432
2025-09-26,nat,202538,202431,59,35019,2342255,3889,6014,8946,NA,10829,4451,4779,1.53543,1.4951
2025-09-26,nat,202538,202432,58,35085,2331105,3878,6283,9107,NA,10776,4309,4610,1.53984,1.50508
2025-09-26,nat,202538,202433,57,37049,2366776,3888,6611,10514,NA,10927,4425,4572,1.56577,1.56538
2025-09-26,nat,202538,202434,56,41839,2373251,3890,7612,13436,NA,11679,4542,4570,1.76988,1.76294
2025-09-26,nat,202538,202435,55,45676,2417432,3890,8436,15731,NA,12221,4555,4733,1.93414,1.88944
2025-09-26,nat,202538,202436,54,44740,2344763,3898,8653,14746,NA,12074,4689,4578,1.9202,1.90808
2025-09-26,nat,202538,202437,53,46654,2447051,3844,8863,15823,NA,12549,4677,4742,1.95528,1.90654
2025-09-26,nat,202538,202438,52,48504,2489845,3902,9493,17190,NA,12319,4737,4765,1.95303,1.94807
2025-09-26,nat,202538,202439,51,46846,2418511,3877,9467,16115,NA,12155,4627,4482,1.93495,1.93698
