EXPOCODE,CRUISE_ID,JD_UTC,DATE_UTC (yyyymmdd),TIME_UTC (hh:mm:ss),LATITUDE,LONGITUDE,SST,SSS,TA
,,,yyyymmdd,hh:mm:ss,decimal degrees,decimal degrees,degrees Celcius,psu,micromoles per kilogram
33HH20230508,HB2301,129,20230509,14:44:47,40.72772,-68.52821833,9.5873,32.9253,2249
33HH20230508,HB2301,129,20230509,15:04:48,40.71928333,-68.50612167,9.5305,32.9061,2250
33HH20230508,HB2301,129,20230509,15:24:46,40.71945167,-68.48459333,9.5225,32.9072,2251
33HH20230508,HB2301,129,20230509,15:44:46,40.73320333,-68.46505667,9.4903,32.8928,2239
33HH20230508,HB2301,129,20230509,16:04:46,40.68544167,-68.45593833,9.4965,32.8842,2245
33HH20230508,HB2301,129,20230509,16:24:47,40.625165,-68.44246667,9.6761,32.3727,2235
33HH20230508,HB2301,129,20230509,16:44:47,40.56425667,-68.434265,9.6282,32.2162,2219
33HH20230508,HB2301,129,20230509,17:04:47,40.59457333,-68.43117167,9.8373,32.2059,2221
33HH20230508,HB2301,129,20230509,17:24:46,40.59412833,-68.43314333,9.7946,32.2072,2222
33HH20230508,HB2301,129,20230509,17:44:46,40.57616,-68.43434333,9.847,32.2209,2222
33HH20230508,HB2301,129,20230509,18:04:46,40.561855,-68.43435167,9.8815,32.2243,2222
33HH20230508,HB2301,129,20230509,18:24:46,40.519215,-68.42332833,9.8534,32.2642,2219
33HH20230508,HB2301,129,20230509,18:44:46,40.44981,-68.412575,9.9386,32.3458,2223
33HH20230508,HB2301,129,20230509,19:04:47,40.37983833,-68.40118167,9.6451,32.4378,2225
33HH20230508,HB2301,129,20230509,19:24:47,40.30979,-68.39225333,9.727,32.3586,2223
33HH20230508,HB2301,129,20230509,19:44:46,40.25428,-68.426835,9.8679,32.4986,2227
33HH20230508,HB2301,129,20230509,20:04:46,40.261605,-68.420575,9.8048,32.5265,2235
33HH20230508,HB2301,129,20230509,20:24:46,40.273975,-68.40520167,9.9025,32.4882,2232
33HH20230508,HB2301,129,20230509,20:44:45,40.28409167,-68.39608,9.8547,32.505,2230
33HH20230508,HB2301,129,20230509,21:04:46,40.28916167,-68.38906333,9.8639,32.515,2228
33HH20230508,HB2301,129,20230509,21:24:46,40.29819333,-68.36243833,9.9252,32.3898,2235
33HH20230508,HB2301,129,20230509,21:44:46,40.32126,-68.28983167,9.5257,32.4234,2230
33HH20230508,HB2301,129,20230509,22:04:46,40.34809333,-68.21394333,10.6716,32.9534,2226
33HH20230508,HB2301,129,20230509,22:24:46,40.383295,-68.14098833,9.3419,32.364,2230
33HH20230508,HB2301,129,20230509,22:44:46,40.41922167,-68.06700667,9.0213,32.2603,2229
33HH20230508,HB2301,129,20230509,23:04:46,40.45214167,-67.99305333,9.0811,32.2243,2230
33HH20230508,HB2301,129,20230509,23:24:45,40.41270667,-67.93820333,8.9926,32.291,2224
33HH20230508,HB2301,129,20230509,23:44:45,40.36933667,-67.87329333,9.3786,32.5803,2219
33HH20230508,HB2301,130,20230510,0:04:45,40.33055,-67.80676,9.4073,32.5768,2225
33HH20230508,HB2301,130,20230510,0:24:46,40.35105333,-67.73715667,9.5529,32.558,2232
33HH20230508,HB2301,130,20230510,0:44:45,40.40261667,-67.68503333,9.0314,32.5261,2226
33HH20230508,HB2301,130,20230510,1:04:45,40.45558667,-67.63055,8.9364,32.4518,2235
33HH20230508,HB2301,130,20230510,1:24:45,40.508685,-67.57812333,9.1648,32.3105,2229
33HH20230508,HB2301,130,20230510,1:44:45,40.55630667,-67.52225,9.3021,32.3007,2226
33HH20230508,HB2301,130,20230510,2:04:46,40.54395333,-67.527425,9.3162,32.3992,2219
33HH20230508,HB2301,130,20230510,2:24:45,40.55790833,-67.60782167,9.0454,32.3169,2218
33HH20230508,HB2301,130,20230510,2:44:44,40.58973333,-67.69564833,9.7226,32.3366,2222
33HH20230508,HB2301,130,20230510,3:04:45,40.624325,-67.78388,9.692,32.3845,2219
33HH20230508,HB2301,130,20230510,3:24:44,40.64422667,-67.87907167,9.4069,32.3659,2215
33HH20230508,HB2301,130,20230510,3:44:45,40.648155,-67.94177333,9.1427,32.204,2226
33HH20230508,HB2301,130,20230510,4:04:44,40.69809333,-67.913425,9.4304,32.2645,2226
33HH20230508,HB2301,130,20230510,4:24:44,40.76739167,-67.89305667,9.726,32.3415,2215
33HH20230508,HB2301,130,20230510,4:44:45,40.731345,-67.83231667,9.5243,32.4305,2218
33HH20230508,HB2301,130,20230510,5:04:45,40.68923667,-67.79913167,9.6985,32.3493,2213
33HH20230508,HB2301,130,20230510,5:24:45,40.63720667,-67.75819,9.5455,32.3432,2216
33HH20230508,HB2301,130,20230510,5:44:44,40.57893333,-67.71569333,9.1021,32.2827,2222
33HH20230508,HB2301,130,20230510,6:04:44,40.51688833,-67.68329333,9.1739,32.4774,2221
33HH20230508,HB2301,130,20230510,6:24:43,40.45525667,-67.64724167,9.0897,32.4669,2217
33HH20230508,HB2301,130,20230510,6:44:45,40.39149,-67.62972,9.073,32.3937,2220
33HH20230508,HB2301,130,20230510,7:04:43,40.396485,-67.54194667,8.8228,32.357,2215
33HH20230508,HB2301,130,20230510,7:24:43,40.42931,-67.46237667,8.7177,32.3504,2227
33HH20230508,HB2301,130,20230510,7:44:44,40.489215,-67.42676833,9.0191,32.3165,2219
33HH20230508,HB2301,130,20230510,8:04:44,40.51777,-67.49394667,8.7474,32.5319,2216
33HH20230508,HB2301,130,20230510,8:24:45,40.52608333,-67.54908,8.7557,32.4867,2220
33HH20230508,HB2301,130,20230510,8:44:43,40.52471833,-67.56014833,8.8061,32.4712,2221
33HH20230508,HB2301,130,20230510,9:04:43,40.52361333,-67.55945667,8.873,32.4642,2221
33HH20230508,HB2301,130,20230510,9:24:44,40.52214833,-67.56435167,8.8235,32.5123,2222
33HH20230508,HB2301,130,20230510,9:44:44,40.527785,-67.54056667,8.7816,32.4454,2219
33HH20230508,HB2301,130,20230510,10:04:44,40.53437167,-67.51905833,8.8202,32.3297,2220
33HH20230508,HB2301,130,20230510,10:24:44,40.54036,-67.499395,8.824,32.3589,2222
33HH20230508,HB2301,130,20230510,10:44:43,40.51232,-67.53477,8.8282,32.4494,2212
33HH20230508,HB2301,130,20230510,11:04:43,40.463995,-67.59459667,9.058,32.4381,2224
33HH20230508,HB2301,130,20230510,11:24:44,40.41686,-67.65555167,9.2074,32.4029,2222
33HH20230508,HB2301,130,20230510,11:44:43,40.37029,-67.71648667,8.7643,32.6284,2221
33HH20230508,HB2301,130,20230510,12:04:43,40.33541,-67.778065,9.3236,33.0037,2224
33HH20230508,HB2301,130,20230510,12:24:43,40.33571,-67.82410667,9.4813,32.7242,2246
33HH20230508,HB2301,130,20230510,12:44:43,40.33218333,-67.82927667,9.464,32.6252,2248
33HH20230508,HB2301,130,20230510,13:04:43,40.33201833,-67.80069667,9.5746,32.996,2233
33HH20230508,HB2301,130,20230510,13:24:42,40.33449833,-67.77876,9.4691,32.9762,2239
33HH20230508,HB2301,130,20230510,13:44:43,40.33855,-67.76167333,9.5503,33.0347,2247
33HH20230508,HB2301,130,20230510,14:04:43,40.360955,-67.774215,9.3269,32.9427,2246
33HH20230508,HB2301,130,20230510,14:24:43,40.39036,-67.85327333,9.2206,32.6064,2247
33HH20230508,HB2301,130,20230510,14:44:43,40.421805,-67.92331,9.3079,32.506,2250
33HH20230508,HB2301,130,20230510,15:04:42,40.45574,-67.995605,8.976,32.2914,2239
33HH20230508,HB2301,130,20230510,15:24:43,40.43599833,-68.04628667,9.0249,32.2882,2232
33HH20230508,HB2301,130,20230510,15:44:42,40.42988333,-68.05114,8.9902,32.2954,2216
33HH20230508,HB2301,130,20230510,16:04:42,40.43959667,-68.02645667,8.9984,32.2948,2211
33HH20230508,HB2301,130,20230510,16:24:43,40.44839333,-68.007495,9.1083,32.2952,2212
33HH20230508,HB2301,130,20230510,16:44:43,40.45593167,-67.98628667,9.0952,32.2994,2212
33HH20230508,HB2301,130,20230510,17:04:42,40.517305,-67.96978167,8.9497,32.3027,2214
33HH20230508,HB2301,130,20230510,17:24:42,40.59056167,-67.953455,9.302,32.2452,2210
33HH20230508,HB2301,130,20230510,17:44:43,40.66466333,-67.93797333,9.7699,32.3769,2225
33HH20230508,HB2301,130,20230510,18:04:43,40.675425,-67.92771,9.8885,32.3979,2209
33HH20230508,HB2301,130,20230510,18:24:42,40.660225,-67.940475,9.7727,32.3353,2217
33HH20230508,HB2301,130,20230510,18:44:42,40.64498333,-67.943195,9.7184,32.2606,2217
33HH20230508,HB2301,130,20230510,19:04:42,40.65295167,-67.94032667,9.7262,32.2778,2222
33HH20230508,HB2301,130,20230510,19:24:42,40.72029833,-67.90765833,9.9094,32.3343,2215
33HH20230508,HB2301,130,20230510,19:44:42,40.777145,-67.87160667,9.9202,32.3589,2217
33HH20230508,HB2301,130,20230510,20:04:42,40.76834,-67.88988667,10.0027,32.3291,2209
33HH20230508,HB2301,130,20230510,20:24:42,40.75801333,-67.90515,10.1225,32.2699,2221
33HH20230508,HB2301,130,20230510,20:44:42,40.76362167,-67.90094667,10.1229,32.2671,2209
33HH20230508,HB2301,130,20230510,21:04:42,40.76022833,-67.89825167,10.1261,32.2681,2223
33HH20230508,HB2301,130,20230510,21:24:41,40.81658167,-67.84817333,10.209,32.3668,2218
33HH20230508,HB2301,130,20230510,21:44:41,40.876395,-67.79631167,10.0984,32.1801,2219
33HH20230508,HB2301,130,20230510,22:04:41,40.93757833,-67.74991167,10.216,32.4959,2213
33HH20230508,HB2301,130,20230510,22:24:41,40.98208833,-67.720265,10.1612,32.3782,2222
33HH20230508,HB2301,130,20230510,22:44:40,40.93334667,-67.64579167,9.9937,32.202,2215
33HH20230508,HB2301,130,20230510,23:04:41,40.907195,-67.56015167,9.9477,32.1738,2211
33HH20230508,HB2301,130,20230510,23:24:41,40.93947667,-67.47598333,9.9151,32.1568,2200
33HH20230508,HB2301,130,20230510,23:44:41,40.95229667,-67.389475,10.0162,32.16,2209
33HH20230508,HB2301,131,20230511,0:04:42,40.93275333,-67.296445,10.0607,32.3086,2221
33HH20230508,HB2301,131,20230511,0:24:41,40.9139,-67.20472167,10.0041,32.249,2217
33HH20230508,HB2301,131,20230511,0:44:41,40.858615,-67.16001833,10.0682,32.1913,2227
33HH20230508,HB2301,131,20230511,1:06:44,40.788905,-67.10871333,9.9551,32.1641,2208
33HH20230508,HB2301,131,20230511,1:26:43,40.72761333,-67.06014667,9.2286,32.5051,2237
33HH20230508,HB2301,131,20230511,1:46:44,40.66684667,-67.01775833,9.3769,32.5734,2230
33HH20230508,HB2301,131,20230511,2:06:42,40.6156,-66.97610333,9.5428,32.5524,2217
33HH20230508,HB2301,131,20230511,2:33:45,40.66750667,-66.954725,9.4489,32.6002,2251
33HH20230508,HB2301,131,20230511,2:53:45,40.72274167,-67.009735,9.195,32.6101,2226
33HH20230508,HB2301,131,20230511,3:13:46,40.78216833,-67.05927667,9.7788,32.5374,2215
33HH20230508,HB2301,131,20230511,3:33:46,40.842995,-67.10095333,9.8578,32.2785,2209
33HH20230508,HB2301,131,20230511,3:53:46,40.90566667,-67.14268333,9.6827,32.6101,2226
33HH20230508,HB2301,131,20230511,4:13:45,40.940645,-67.21862833,9.7882,32.5176,2230
33HH20230508,HB2301,131,20230511,4:33:45,40.95196333,-67.28895,9.8094,32.3999,2223
33HH20230508,HB2301,131,20230511,5:33:45,40.96795333,-67.461365,9.7648,32.1561,2182
33HH20230508,HB2301,131,20230511,9:53:44,40.98541667,-67.69437,9.3678,32.7905,2208
33HH20230508,HB2301,131,20230511,10:13:45,40.98453167,-67.71607667,9.226,32.8135,2232
33HH20230508,HB2301,131,20230511,10:33:44,40.97806333,-67.72358667,9.143,32.8259,2231
33HH20230508,HB2301,131,20230511,10:53:44,40.95519,-67.63403833,9.3806,32.2581,2224
33HH20230508,HB2301,131,20230511,11:13:44,40.956985,-67.540285,9.8127,32.443,2220
33HH20230508,HB2301,131,20230511,11:33:44,40.961625,-67.44927833,9.6583,32.2175,2206
33HH20230508,HB2301,131,20230511,11:53:44,40.94669833,-67.369815,9.7693,32.1986,2211
33HH20230508,HB2301,131,20230511,12:13:45,40.93510667,-67.38360667,9.8097,32.1941,2221
33HH20230508,HB2301,131,20230511,12:33:44,40.953395,-67.40444,9.7793,32.179,2212
33HH20230508,HB2301,131,20230511,12:53:43,40.958975,-67.42478833,9.7538,32.1938,2211
33HH20230508,HB2301,131,20230511,13:13:44,40.962675,-67.44712333,9.8514,32.2021,2221
33HH20230508,HB2301,131,20230511,13:33:44,40.94166667,-67.36688333,9.8126,32.1918,2222
33HH20230508,HB2301,131,20230511,13:53:43,40.92450833,-67.28166167,9.9381,32.3819,2219
33HH20230508,HB2301,131,20230511,14:13:43,40.91340333,-67.19512333,9.8779,32.6125,2226
33HH20230508,HB2301,131,20230511,14:33:44,40.90618667,-67.16270667,9.8445,32.614,2242
33HH20230508,HB2301,131,20230511,14:53:44,40.90993167,-67.18718,9.8986,32.6166,2225
33HH20230508,HB2301,131,20230511,15:13:42,40.91575167,-67.20826833,9.9637,32.6172,2233
33HH20230508,HB2301,131,20230511,15:33:44,40.92045667,-67.230535,10.0174,32.6107,2231
33HH20230508,HB2301,131,20230511,15:53:43,40.87106167,-67.19319833,10.0168,32.6053,2235
33HH20230508,HB2301,131,20230511,16:13:43,40.82009167,-67.134175,10.1459,32.3696,2236
33HH20230508,HB2301,131,20230511,16:33:44,40.76868833,-67.07364333,9.9673,32.4457,2225
33HH20230508,HB2301,131,20230511,16:53:43,40.718595,-67.01512667,9.7888,32.6386,2238
33HH20230508,HB2301,131,20230511,17:13:43,40.66672667,-66.95545333,9.318,32.6106,2235
33HH20230508,HB2301,131,20230511,17:33:43,40.615395,-66.89340667,8.7694,32.3111,2217
33HH20230508,HB2301,131,20230511,17:53:43,40.58776333,-66.91850833,8.7509,32.3174,2209
33HH20230508,HB2301,131,20230511,18:13:43,40.56315667,-66.93946333,8.8796,32.3141,2212
33HH20230508,HB2301,131,20230511,18:33:42,40.57872,-66.95061667,8.853,32.3213,2206
33HH20230508,HB2301,131,20230511,18:53:42,40.64335667,-66.94201833,8.7205,32.3865,2214
33HH20230508,HB2301,131,20230511,19:13:42,40.654175,-66.94130833,9.0783,32.4621,2219
33HH20230508,HB2301,131,20230511,19:33:42,40.64608833,-66.96958667,9.0824,32.4673,2241
33HH20230508,HB2301,131,20230511,19:53:43,40.63858,-66.988205,9.3084,32.5463,2230
33HH20230508,HB2301,131,20230511,20:13:41,40.63100333,-67.00802667,9.4629,32.5797,2225
33HH20230508,HB2301,131,20230511,20:33:44,40.65803333,-66.95946667,9.3322,32.4858,2228
33HH20230508,HB2301,131,20230511,20:53:43,40.69147167,-66.88407,8.7218,32.2782,2213
33HH20230508,HB2301,131,20230511,21:13:43,40.735965,-66.81845333,8.7864,32.2055,2212
33HH20230508,HB2301,131,20230511,21:33:42,40.79191833,-66.77337,8.9742,32.538,2208
33HH20230508,HB2301,131,20230511,21:53:43,40.84339,-66.724865,8.8221,32.3557,2217
33HH20230508,HB2301,131,20230511,22:13:44,40.8914,-66.72113667,8.8997,32.4083,2204
33HH20230508,HB2301,131,20230511,22:33:42,40.88769167,-66.792825,9.3403,32.5298,2204
33HH20230508,HB2301,131,20230511,22:53:43,40.932385,-66.83113333,9.7131,32.5982,2222
33HH20230508,HB2301,131,20230511,23:13:42,40.97626,-66.81327167,9.8339,32.5597,2237
33HH20230508,HB2301,131,20230511,23:33:43,41.00979333,-66.85543667,9.6936,32.5549,2236
33HH20230508,HB2301,131,20230511,23:53:42,41.04714333,-66.805845,9.7344,32.5857,2240
33HH20230508,HB2301,132,20230512,0:13:42,41.09605333,-66.78399,9.8057,32.7012,2243
33HH20230508,HB2301,132,20230512,0:33:43,41.10485333,-66.71586167,9.8479,32.5921,2235
33HH20230508,HB2301,132,20230512,0:53:42,41.12319,-66.65323167,9.5793,32.5912,2223
33HH20230508,HB2301,132,20230512,1:13:42,41.11973667,-66.604395,9.1581,32.5149,2229
33HH20230508,HB2301,132,20230512,1:33:42,41.07862167,-66.55619333,8.9292,32.3594,2224
33HH20230508,HB2301,132,20230512,1:53:42,41.08430167,-66.50196833,8.2001,32.1402,2210
33HH20230508,HB2301,132,20230512,2:13:41,41.03334667,-66.47228167,8.1156,32.1427,2201
33HH20230508,HB2301,132,20230512,2:33:43,40.98054333,-66.46693833,8.267,32.2449,2212
33HH20230508,HB2301,132,20230512,2:53:43,40.957465,-66.48478333,8.1113,32.1709,2208
33HH20230508,HB2301,132,20230512,3:13:42,41.00104,-66.44077833,8.3572,32.2637,2211
33HH20230508,HB2301,132,20230512,3:33:41,40.96053,-66.47636333,8.1155,32.1542,2209
33HH20230508,HB2301,132,20230512,3:53:42,40.96241333,-66.47137667,8.1266,32.1662,2205
33HH20230508,HB2301,132,20230512,4:13:42,41.01425833,-66.42804167,8.3946,32.3035,2208
33HH20230508,HB2301,132,20230512,4:33:41,41.07118,-66.39535,8.6626,32.3988,2202
33HH20230508,HB2301,132,20230512,4:53:42,41.12287,-66.35715667,8.7699,32.4618,2218
33HH20230508,HB2301,132,20230512,5:13:40,41.16527333,-66.360355,8.7362,32.4448,2208
33HH20230508,HB2301,132,20230512,5:33:42,41.13388833,-66.421035,8.5973,32.3741,2216
33HH20230508,HB2301,132,20230512,5:53:41,41.09937667,-66.46591,8.4771,32.3072,2223
33HH20230508,HB2301,132,20230512,6:13:41,41.05249667,-66.48424333,8.2336,32.2136,2212
33HH20230508,HB2301,132,20230512,6:33:41,41.04593,-66.55066,8.0295,32.1416,2204
33HH20230508,HB2301,132,20230512,6:53:41,41.00673667,-66.61164167,8.2896,32.2517,2207
33HH20230508,HB2301,132,20230512,7:13:41,40.96175667,-66.67062667,8.2117,32.2385,2215
33HH20230508,HB2301,132,20230512,7:33:40,40.91143167,-66.72076167,8.4849,32.3706,2202
33HH20230508,HB2301,132,20230512,7:53:40,40.85503167,-66.75927167,8.8637,32.4395,2213
33HH20230508,HB2301,132,20230512,8:13:40,40.79691167,-66.79537667,8.9044,32.4604,2223
33HH20230508,HB2301,132,20230512,8:33:41,40.76140333,-66.81845,8.9927,32.5425,2217
33HH20230508,HB2301,132,20230512,8:53:40,40.75228167,-66.82352833,9.042,32.5664,2226
33HH20230508,HB2301,132,20230512,9:13:40,40.74300333,-66.82151333,9.2502,32.637,2223
33HH20230508,HB2301,132,20230512,9:33:41,40.74503667,-66.80659,8.9499,32.5318,2225
33HH20230508,HB2301,132,20230512,9:53:41,40.727625,-66.825365,9.2582,32.6214,2215
33HH20230508,HB2301,132,20230512,10:13:40,40.71536167,-66.83928333,8.5223,32.2925,2230
33HH20230508,HB2301,132,20230512,10:33:41,40.702235,-66.84809,8.9111,32.4111,2204
33HH20230508,HB2301,132,20230512,10:53:39,40.75205833,-66.80905167,9.0155,32.5535,2215
33HH20230508,HB2301,132,20230512,11:13:40,40.79806167,-66.778215,9.106,32.5086,2227
33HH20230508,HB2301,132,20230512,11:33:39,40.81948333,-66.767035,8.9738,32.4501,2215
33HH20230508,HB2301,132,20230512,11:53:40,40.82430167,-66.75290833,9.0169,32.4671,2215
33HH20230508,HB2301,132,20230512,12:13:39,40.83524,-66.73851167,8.8921,32.4273,2217
33HH20230508,HB2301,132,20230512,12:33:40,40.84691,-66.73125167,8.7344,32.3801,2232
33HH20230508,HB2301,132,20230512,12:53:39,40.87207333,-66.77972667,9.4993,32.5341,2205
33HH20230508,HB2301,132,20230512,13:13:40,40.877585,-66.77971,9.5835,32.5352,2220
33HH20230508,HB2301,132,20230512,13:33:40,40.88821167,-66.76249833,9.7214,32.5457,2221
33HH20230508,HB2301,132,20230512,13:53:40,40.897845,-66.74958333,9.7774,32.5535,2229
33HH20230508,HB2301,132,20230512,14:13:40,40.90472333,-66.77941333,9.8607,32.5524,2225
33HH20230508,HB2301,132,20230512,14:33:39,40.91045333,-66.83826167,9.9734,32.5573,2232
33HH20230508,HB2301,132,20230512,14:53:40,40.91466,-66.83264167,9.887,32.5574,2226
33HH20230508,HB2301,132,20230512,15:13:40,40.92479833,-66.81518333,9.7799,32.5774,2229
33HH20230508,HB2301,132,20230512,15:33:39,40.93042833,-66.80217333,9.7824,32.5908,2229
33HH20230508,HB2301,132,20230512,15:53:40,40.95349333,-66.80977333,9.9961,32.5691,2233
33HH20230508,HB2301,132,20230512,16:13:39,40.99624167,-66.86198333,10.2463,32.78,2228
33HH20230508,HB2301,132,20230512,16:33:40,41.00405667,-66.879685,10.5126,32.794,2236
33HH20230508,HB2301,132,20230512,16:53:38,41.00728833,-66.86328667,10.4316,32.796,2243
33HH20230508,HB2301,132,20230512,17:13:40,41.01544667,-66.84492333,10.2498,32.6009,2236
33HH20230508,HB2301,132,20230512,17:33:40,41.03138833,-66.82731,10.4297,32.6069,2242
33HH20230508,HB2301,132,20230512,17:53:39,41.085805,-66.80877667,10.2069,32.6962,2244
33HH20230508,HB2301,132,20230512,18:13:40,41.08441833,-66.80455833,10.18,32.727,2229
33HH20230508,HB2301,132,20230512,18:33:39,41.098055,-66.786535,10.3323,32.7466,2233
33HH20230508,HB2301,132,20230512,18:53:39,41.111005,-66.77311,10.125,32.7393,2230
33HH20230508,HB2301,132,20230512,19:13:40,41.116355,-66.71742167,9.8222,32.7764,2234
33HH20230508,HB2301,132,20230512,19:33:40,41.114325,-66.673345,10.1715,32.6165,2235
33HH20230508,HB2301,132,20230512,19:53:38,41.12446667,-66.65315,8.8858,32.2808,2237
33HH20230508,HB2301,132,20230512,20:13:38,41.136255,-66.63783667,9.313,32.2603,2222
33HH20230508,HB2301,132,20230512,20:33:39,41.14099167,-66.61187833,9.2186,32.3485,2212
33HH20230508,HB2301,132,20230512,20:53:39,41.11876667,-66.53670833,9.63,32.4254,2213
33HH20230508,HB2301,132,20230512,21:13:38,41.09633833,-66.46085,9.7609,32.5122,2210
33HH20230508,HB2301,132,20230512,21:33:39,41.08325333,-66.39445833,9.678,32.5156,2213
33HH20230508,HB2301,132,20230512,21:53:37,41.09733667,-66.40051333,9.8132,32.5238,2232
33HH20230508,HB2301,132,20230512,22:13:39,41.10374333,-66.44438,9.7436,32.5211,2209
33HH20230508,HB2301,132,20230512,22:33:39,41.11249167,-66.43041667,9.7965,32.5225,2213
33HH20230508,HB2301,132,20230512,22:53:37,41.09242833,-66.38942,9.706,32.5218,2219
33HH20230508,HB2301,132,20230512,23:13:38,41.122225,-66.34948,9.6927,32.546,2221
33HH20230508,HB2301,132,20230512,23:33:39,41.16124667,-66.319265,9.1974,32.4534,2216
33HH20230508,HB2301,132,20230512,23:53:38,41.139735,-66.32971167,9.5086,32.5361,2218
33HH20230508,HB2301,133,20230513,0:13:38,41.102285,-66.35944667,9.5504,32.5228,2198
33HH20230508,HB2301,133,20230513,0:33:37,41.08186833,-66.36758333,9.6039,32.5179,2201
33HH20230508,HB2301,133,20230513,0:53:37,41.11427333,-66.333865,9.4601,32.5279,2228
33HH20230508,HB2301,133,20230513,1:13:38,41.08533167,-66.36717,9.5996,32.5193,2220
33HH20230508,HB2301,133,20230513,1:34:38,41.09361,-66.410925,9.7448,32.5148,2206
33HH20230508,HB2301,133,20230513,1:54:37,41.08718,-66.37909667,9.6999,32.5249,2226
33HH20230508,HB2301,133,20230513,2:14:38,41.076595,-66.42700333,9.4299,32.4198,2222
33HH20230508,HB2301,133,20230513,2:34:38,41.07715333,-66.40728667,9.4746,32.4854,2219
33HH20230508,HB2301,133,20230513,2:54:38,41.05233,-66.41294,9.4199,32.4443,2222
33HH20230508,HB2301,133,20230513,3:14:38,41.01016333,-66.430335,9.2514,32.3857,2221
33HH20230508,HB2301,133,20230513,3:34:39,41.03716833,-66.42703,9.2966,32.3952,2215
33HH20230508,HB2301,133,20230513,3:54:36,41.04372,-66.43370667,9.2563,32.386,2212
33HH20230508,HB2301,133,20230513,4:14:37,41.01485,-66.43696333,9.2404,32.3652,2209
33HH20230508,HB2301,133,20230513,4:34:37,41.05692167,-66.42441,9.2758,32.3976,2208
33HH20230508,HB2301,133,20230513,4:54:38,41.024625,-66.44763833,9.1607,32.3687,2216
33HH20230508,HB2301,133,20230513,5:14:38,40.988225,-66.474825,9.2139,32.35,2215
33HH20230508,HB2301,133,20230513,5:34:37,40.95702167,-66.50918667,9.1912,32.3738,2225
33HH20230508,HB2301,133,20230513,5:54:37,40.91967167,-66.53601167,9.1885,32.3894,2206
33HH20230508,HB2301,133,20230513,6:14:37,40.93438667,-66.56081333,9.1094,32.342,2211
33HH20230508,HB2301,133,20230513,6:34:37,40.96606333,-66.52007,9.1449,32.3325,2216
33HH20230508,HB2301,133,20230513,6:54:37,40.99999667,-66.48220167,8.9195,32.3479,2216
33HH20230508,HB2301,133,20230513,7:14:36,41.03685667,-66.45070667,8.9695,32.397,2226
33HH20230508,HB2301,133,20230513,7:34:37,41.07868833,-66.44063333,9.4566,32.4463,2221
33HH20230508,HB2301,133,20230513,7:54:36,41.10949167,-66.46507333,9.2911,32.4588,2209
33HH20230508,HB2301,133,20230513,8:14:37,41.083875,-66.50120333,9.5635,32.4182,2217
33HH20230508,HB2301,133,20230513,8:34:36,41.11868667,-66.473045,9.2242,32.4908,2218
33HH20230508,HB2301,133,20230513,8:54:36,41.115855,-66.51120833,9.4086,32.3867,2216
33HH20230508,HB2301,133,20230513,9:14:36,41.11538167,-66.51172,9.379,32.3875,2216
33HH20230508,HB2301,133,20230513,9:34:37,41.11119167,-66.517025,9.3749,32.3892,2220
33HH20230508,HB2301,133,20230513,9:54:36,41.09709667,-66.53362333,9.447,32.4229,2229
33HH20230508,HB2301,133,20230513,10:14:36,41.08502833,-66.54715833,9.2585,32.3924,2225
33HH20230508,HB2301,133,20230513,10:34:37,41.06088667,-66.53495,9.2784,32.3803,2220
33HH20230508,HB2301,133,20230513,10:54:37,41.01819833,-66.48855167,8.8075,32.3461,2226
33HH20230508,HB2301,133,20230513,11:14:37,40.97730667,-66.48443333,8.825,32.3549,2219
33HH20230508,HB2301,133,20230513,11:34:36,41.01537333,-66.45651833,8.7745,32.3643,2212
33HH20230508,HB2301,133,20230513,11:54:35,41.00793667,-66.45371833,8.7342,32.368,2176
33HH20230508,HB2301,133,20230513,12:14:35,40.98733,-66.47022,8.7001,32.3714,2204
33HH20230508,HB2301,133,20230513,12:34:36,40.97519,-66.483085,8.8137,32.3657,2213
33HH20230508,HB2301,133,20230513,12:54:35,40.968595,-66.48409333,8.8805,32.365,2215
33HH20230508,HB2301,133,20230513,13:14:36,41.01826,-66.44249667,9.1497,32.4117,2214
33HH20230508,HB2301,133,20230513,13:34:37,41.06708333,-66.39861167,9.3608,32.4615,2236
33HH20230508,HB2301,133,20230513,13:54:36,41.117775,-66.35972667,9.5305,32.5587,2229
33HH20230508,HB2301,133,20230513,14:14:35,41.13567833,-66.33885,9.381,32.5133,2231
33HH20230508,HB2301,133,20230513,14:34:34,41.12832667,-66.34602833,9.5372,32.5314,2221
33HH20230508,HB2301,133,20230513,14:54:36,41.110985,-66.36459667,9.4311,32.562,2226
33HH20230508,HB2301,133,20230513,15:14:36,41.09860667,-66.37657167,9.6302,32.5315,2251
33HH20230508,HB2301,133,20230513,15:34:34,41.09081833,-66.39453,9.5967,32.49,2208
33HH20230508,HB2301,133,20230513,15:54:36,41.12059667,-66.43559333,9.4463,32.4073,2212
33HH20230508,HB2301,133,20230513,16:14:34,41.15649,-66.384635,9.5895,32.491,2217
33HH20230508,HB2301,133,20230513,16:34:35,41.14465167,-66.39495,9.5555,32.4864,2238
33HH20230508,HB2301,133,20230513,16:54:35,41.13939,-66.41074167,9.5999,32.4777,2202
33HH20230508,HB2301,133,20230513,17:14:34,41.128095,-66.42662167,9.6114,32.4684,2207
33HH20230508,HB2301,133,20230513,17:34:35,41.11867667,-66.44236167,9.5812,32.4585,2218
33HH20230508,HB2301,133,20230513,17:54:34,41.14017333,-66.40412167,9.5589,32.5195,2175
33HH20230508,HB2301,133,20230513,18:14:36,41.17280333,-66.34108333,9.2363,32.5732,2217
33HH20230508,HB2301,133,20230513,18:34:34,41.21361833,-66.28966,8.9789,32.4276,2220
33HH20230508,HB2301,133,20230513,18:54:35,41.231685,-66.27541667,8.5437,32.2997,2212
33HH20230508,HB2301,133,20230513,19:14:35,41.22332667,-66.28164667,8.5166,32.3253,2224
33HH20230508,HB2301,133,20230513,19:34:36,41.20291333,-66.298325,8.9717,32.4271,2221
33HH20230508,HB2301,133,20230513,19:54:35,41.19150333,-66.31026167,9.0077,32.4251,2220
33HH20230508,HB2301,133,20230513,20:14:34,41.19459667,-66.30447833,8.9794,32.4302,2220
33HH20230508,HB2301,133,20230513,20:34:35,41.24470833,-66.25497,9.2345,32.4586,2207
33HH20230508,HB2301,133,20230513,20:54:34,41.28609667,-66.19689667,10.0799,32.9788,2224
33HH20230508,HB2301,133,20230513,21:14:34,41.3456,-66.18635,9.6004,32.7118,2247
33HH20230508,HB2301,133,20230513,21:34:35,41.39964167,-66.21468,8.8526,32.4436,2223
33HH20230508,HB2301,133,20230513,21:54:34,41.38861333,-66.15744833,8.9874,32.4807,2228
33HH20230508,HB2301,133,20230513,22:14:34,41.36246333,-66.092535,10.2094,33.0788,2229
33HH20230508,HB2301,133,20230513,22:42:41,41.38322333,-66.09988333,10.1605,32.838,2239
33HH20230508,HB2301,133,20230513,23:02:43,41.40440167,-66.02054,11.2128,33.4825,2262
33HH20230508,HB2301,133,20230513,23:22:43,41.46050167,-65.964975,10.8256,33.2507,2269
33HH20230508,HB2301,133,20230513,23:42:43,41.52453167,-65.925085,10.7782,33.4242,2264
33HH20230508,HB2301,134,20230514,0:02:42,41.589715,-65.910385,8.9873,32.549,2225
33HH20230508,HB2301,134,20230514,0:22:42,41.638355,-65.84494333,8.532,32.4906,2206
33HH20230508,HB2301,134,20230514,0:42:42,41.69717833,-65.79673333,8.1298,32.2022,2205
33HH20230508,HB2301,134,20230514,1:02:41,41.75634167,-65.75319833,8.1847,31.9585,2185
33HH20230508,HB2301,134,20230514,1:22:41,41.821015,-65.73096,7.8176,32.0076,2188
33HH20230508,HB2301,134,20230514,1:42:41,41.85809833,-65.74026667,8.4859,32.3026,2201
33HH20230508,HB2301,134,20230514,2:02:41,41.84702167,-65.72068,8.1295,31.8373,2196
33HH20230508,HB2301,134,20230514,2:22:41,41.85438667,-65.78051167,8.5691,32.2421,2207
33HH20230508,HB2301,134,20230514,2:42:42,41.87922167,-65.82639333,8.5781,32.3566,2206
33HH20230508,HB2301,134,20230514,3:02:41,41.85291,-65.84430167,8.7215,32.3584,2210
33HH20230508,HB2301,134,20230514,3:22:41,41.89099167,-65.84947833,8.7862,32.5684,2211
33HH20230508,HB2301,134,20230514,3:42:42,41.909555,-65.92571167,8.3846,32.8297,2218
33HH20230508,HB2301,134,20230514,4:02:41,41.91519,-65.92902167,8.2899,32.3736,2202
33HH20230508,HB2301,134,20230514,4:22:40,41.95735833,-65.96836333,8.4276,32.5816,2213
33HH20230508,HB2301,134,20230514,4:42:41,42.003295,-66.01857167,9.1723,32.6532,2220
33HH20230508,HB2301,134,20230514,5:02:41,42.02630833,-66.011695,9.3317,32.5661,2218
33HH20230508,HB2301,134,20230514,5:22:40,41.96897,-65.96425,8.441,32.502,2218
33HH20230508,HB2301,134,20230514,5:42:41,41.89959833,-65.97383,8.2483,32.5604,2201
33HH20230508,HB2301,134,20230514,6:02:41,41.83648833,-66.03271833,8.9338,32.6517,2223
33HH20230508,HB2301,134,20230514,6:22:41,41.76895167,-66.0453,9.0308,32.5443,2212
33HH20230508,HB2301,134,20230514,6:42:40,41.69936167,-66.03350333,7.7224,31.8358,2209
33HH20230508,HB2301,134,20230514,7:02:41,41.62899333,-66.041515,8.0395,32.0798,2184
33HH20230508,HB2301,134,20230514,7:22:41,41.55749,-66.04893,8.0179,32.4709,2195
33HH20230508,HB2301,134,20230514,7:42:41,41.486655,-66.05657833,8.107,32.5152,2208
33HH20230508,HB2301,134,20230514,8:02:41,41.41558167,-66.06225667,8.9762,32.8596,2210
33HH20230508,HB2301,134,20230514,8:22:40,41.35495333,-66.11217833,9.0966,32.8184,2230
33HH20230508,HB2301,134,20230514,8:42:41,41.35577333,-66.125935,8.9875,32.765,2230
33HH20230508,HB2301,134,20230514,9:02:40,41.340865,-66.15266,9.0142,32.7148,2227
33HH20230508,HB2301,134,20230514,9:22:41,41.34306833,-66.14914833,9.1147,32.7808,2224
33HH20230508,HB2301,134,20230514,9:42:41,41.34823833,-66.14171333,9.1758,32.8478,2230
33HH20230508,HB2301,134,20230514,10:02:40,41.35175667,-66.11641,9.8404,33.1117,2234
33HH20230508,HB2301,134,20230514,10:22:40,41.35926667,-66.098605,10.2276,33.2813,2248
33HH20230508,HB2301,134,20230514,10:42:40,41.37210667,-66.09771167,10.2082,33.2253,2251
33HH20230508,HB2301,134,20230514,11:02:40,41.42604833,-66.10750167,9.3135,32.9165,2239
33HH20230508,HB2301,134,20230514,11:22:40,41.49218833,-66.092555,8.955,32.7255,2228
33HH20230508,HB2301,134,20230514,11:42:41,41.55758667,-66.076,8.3233,32.634,2219
33HH20230508,HB2301,134,20230514,12:02:40,41.62074,-66.06047333,8.0114,32.2038,2209
33HH20230508,HB2301,134,20230514,12:22:40,41.68195333,-66.04489167,7.6407,31.984,2187
33HH20230508,HB2301,134,20230514,12:42:39,41.74332,-66.03961,7.6525,31.9504,2187
33HH20230508,HB2301,134,20230514,13:02:40,41.7472,-66.03915833,7.6411,31.9099,2164
33HH20230508,HB2301,134,20230514,13:22:40,41.76340833,-66.04289,7.4531,31.8976,2172
33HH20230508,HB2301,134,20230514,13:42:40,41.79164667,-66.04856667,8.3142,32.0131,2183
33HH20230508,HB2301,134,20230514,14:02:38,41.78264667,-66.04619167,7.5547,31.9234,2194
33HH20230508,HB2301,134,20230514,14:22:39,41.76503833,-66.04304833,7.6548,32.0283,2183
33HH20230508,HB2301,134,20230514,14:42:39,41.75333,-66.01455167,7.4705,31.9375,2192
33HH20230508,HB2301,134,20230514,15:02:38,41.77797833,-65.92570167,7.5298,32.0483,2184
33HH20230508,HB2301,134,20230514,15:22:39,41.80258,-65.83663667,7.9731,32.1343,2189
33HH20230508,HB2301,134,20230514,15:42:39,41.82991833,-65.752135,7.8801,31.8885,2172
33HH20230508,HB2301,134,20230514,16:02:39,41.84839667,-65.73381833,7.8599,31.8968,2178
33HH20230508,HB2301,134,20230514,16:22:40,41.82379667,-65.71810333,7.8868,31.8653,2186
33HH20230508,HB2301,134,20230514,16:42:38,41.84405667,-65.73028,7.8223,31.8734,2178
33HH20230508,HB2301,134,20230514,17:02:39,41.85233167,-65.73648833,8.3125,31.6299,2160
33HH20230508,HB2301,134,20230514,17:22:40,41.857955,-65.74800667,8.2464,31.6005,2152
33HH20230508,HB2301,134,20230514,17:42:38,41.85191333,-65.75150833,8.3566,31.5979,2166
33HH20230508,HB2301,134,20230514,18:02:39,41.84539833,-65.81888333,7.8851,31.8962,2183
33HH20230508,HB2301,134,20230514,18:22:39,41.84581,-65.83775333,8.1877,31.7939,2175
33HH20230508,HB2301,134,20230514,18:42:38,41.86342,-65.83516167,8.3711,31.7753,2186
33HH20230508,HB2301,134,20230514,19:02:38,41.87968667,-65.83334,8.1556,31.6959,2179
33HH20230508,HB2301,134,20230514,19:22:39,41.89646167,-65.84153833,7.9861,31.8334,2179
33HH20230508,HB2301,134,20230514,19:42:38,41.93371333,-65.92098,8.3571,32.4871,2170
33HH20230508,HB2301,134,20230514,20:02:37,41.95495333,-65.96393333,8.4653,32.4631,2209
33HH20230508,HB2301,134,20230514,20:22:38,41.94363167,-65.962365,8.5052,32.458,2210
33HH20230508,HB2301,134,20230514,20:42:38,41.92842667,-65.96030667,8.4108,32.3265,2207
33HH20230508,HB2301,134,20230514,21:02:39,41.91682333,-65.963915,8.4934,32.2607,2202
33HH20230508,HB2301,134,20230514,21:22:37,41.95581833,-66.01565833,8.4717,32.4335,2194
33HH20230508,HB2301,134,20230514,21:42:38,41.96835667,-66.106565,8.6833,32.6311,2214
33HH20230508,HB2301,134,20230514,22:02:38,41.97429333,-66.200325,9.3243,32.6106,2218
33HH20230508,HB2301,134,20230514,22:22:38,41.97875833,-66.28130333,9.3673,32.4457,2220
33HH20230508,HB2301,134,20230514,22:42:39,41.98267667,-66.34474,9.4947,32.4546,2222
33HH20230508,HB2301,134,20230514,23:02:38,42.000575,-66.38962,9.5421,32.4311,2216
33HH20230508,HB2301,134,20230514,23:22:39,42.04399667,-66.40494167,9.131,32.5801,2218
33HH20230508,HB2301,134,20230514,23:42:37,42.08766667,-66.41570667,8.9952,32.7017,2227
33HH20230508,HB2301,135,20230515,0:02:39,42.12607333,-66.43390333,9.5409,32.7648,2229
33HH20230508,HB2301,135,20230515,0:23:32,42.15274,-66.47077667,9.4616,32.5052,2203
33HH20230508,HB2301,135,20230515,0:43:34,42.160725,-66.51754833,9.5303,32.6057,2222
33HH20230508,HB2301,135,20230515,1:03:34,42.16329333,-66.56588667,9.308,32.7613,2230
33HH20230508,HB2301,135,20230515,1:23:33,42.16557833,-66.61401167,9.6473,32.3878,2220
33HH20230508,HB2301,135,20230515,1:43:34,42.16774333,-66.66515,9.5351,32.2771,2214
33HH20230508,HB2301,135,20230515,2:03:33,42.17064667,-66.71594833,9.6769,32.319,2214
33HH20230508,HB2301,135,20230515,2:23:33,42.17443167,-66.76618667,9.6956,32.2769,2182
33HH20230508,HB2301,135,20230515,2:43:33,42.176435,-66.81819,9.8068,32.281,2216
33HH20230508,HB2301,135,20230515,3:03:33,42.15817667,-66.86259167,10.0224,32.4673,2217
33HH20230508,HB2301,135,20230515,3:23:33,42.13796,-66.90604,10.2171,32.4925,2232
33HH20230508,HB2301,135,20230515,3:43:33,42.13986,-66.95416833,9.981,32.6185,2230
33HH20230508,HB2301,135,20230515,4:03:34,42.119845,-66.99866,9.709,32.7548,2232
33HH20230508,HB2301,135,20230515,4:23:33,42.071045,-67.00024333,9.6932,32.7531,2232
33HH20230508,HB2301,135,20230515,4:43:33,42.08349667,-66.97248667,9.5582,32.7626,2229
33HH20230508,HB2301,135,20230515,5:03:32,42.08887,-67.02662333,9.6583,32.7291,2228
33HH20230508,HB2301,135,20230515,5:23:34,42.09567667,-66.978965,9.5761,32.7561,2225
33HH20230508,HB2301,135,20230515,5:43:33,42.09181,-66.92006667,9.999,32.6343,2232
33HH20230508,HB2301,135,20230515,6:03:32,42.08700667,-66.86332333,10.085,32.54,2220
33HH20230508,HB2301,135,20230515,6:23:33,42.08255,-66.82514167,9.9044,32.5372,2223
33HH20230508,HB2301,135,20230515,6:43:33,42.07553667,-66.81042667,9.8027,32.6243,2218
33HH20230508,HB2301,135,20230515,7:03:33,42.06652,-66.73295,9.6906,32.6575,2221
33HH20230508,HB2301,135,20230515,7:23:33,42.06117667,-66.65353167,9.4985,32.7064,2222
33HH20230508,HB2301,135,20230515,7:43:32,42.05744167,-66.57249333,9.2842,32.7413,2228
33HH20230508,HB2301,135,20230515,8:03:33,42.05493,-66.49210333,9.3052,32.7617,2226
33HH20230508,HB2301,135,20230515,8:23:32,42.05160333,-66.41283,9.3065,32.7173,2240
33HH20230508,HB2301,135,20230515,8:43:33,42.052365,-66.42206167,9.3227,32.7453,2221
33HH20230508,HB2301,135,20230515,9:03:32,42.061705,-66.43183,9.3627,32.6737,2221
33HH20230508,HB2301,135,20230515,9:23:32,42.06009667,-66.41102833,9.4215,32.606,2220
33HH20230508,HB2301,135,20230515,9:43:32,42.04216167,-66.40379667,9.3732,32.7205,2220
33HH20230508,HB2301,135,20230515,10:03:32,42.02693,-66.39848167,9.4393,32.6938,2223
33HH20230508,HB2301,135,20230515,10:23:32,42.01534667,-66.39314,9.438,32.4421,2221
33HH20230508,HB2301,135,20230515,10:43:31,42.06421833,-66.42469667,9.519,32.699,2234
33HH20230508,HB2301,135,20230515,11:03:33,42.133155,-66.45573167,9.7156,32.3913,2216
33HH20230508,HB2301,135,20230515,11:23:32,42.15016667,-66.46860667,9.5258,32.622,2214
33HH20230508,HB2301,135,20230515,11:43:32,42.14417167,-66.46949333,9.7628,32.4319,2238
33HH20230508,HB2301,135,20230515,12:03:31,42.15536667,-66.486895,9.587,32.6111,2217
33HH20230508,HB2301,135,20230515,12:23:31,42.15825333,-66.50658667,9.5877,32.6224,2216
33HH20230508,HB2301,135,20230515,12:43:31,42.16314167,-66.52040667,9.584,32.6651,2225
33HH20230508,HB2301,135,20230515,13:03:31,42.15687,-66.55646333,9.4937,32.7196,2224
33HH20230508,HB2301,135,20230515,13:23:32,42.16798333,-66.63788,9.5253,32.6473,2225
33HH20230508,HB2301,135,20230515,13:43:32,42.17635,-66.7176,9.7417,32.7448,2226
33HH20230508,HB2301,135,20230515,14:03:32,42.17420667,-66.73603833,9.8663,32.6203,2226
33HH20230508,HB2301,135,20230515,14:23:31,42.17343333,-66.75024333,9.9429,32.5404,2227
33HH20230508,HB2301,135,20230515,14:43:31,42.17433,-66.770505,10.0175,32.3608,2214
33HH20230508,HB2301,135,20230515,15:03:31,42.17039167,-66.78542667,10.1163,32.3963,2181
33HH20230508,HB2301,135,20230515,15:23:31,42.14950333,-66.825665,10.5181,32.5081,2244
33HH20230508,HB2301,135,20230515,15:43:31,42.14157,-66.86832667,10.4125,32.6048,2230
33HH20230508,HB2301,135,20230515,16:03:31,42.13828833,-66.86361,10.4091,32.6145,2232
33HH20230508,HB2301,135,20230515,16:23:31,42.13334667,-66.85831167,10.304,32.6358,2230
33HH20230508,HB2301,135,20230515,16:43:30,42.132345,-66.85961,10.0837,32.6365,2233
33HH20230508,HB2301,135,20230515,17:03:31,42.13778833,-66.88583333,10.0082,32.6458,2230
33HH20230508,HB2301,135,20230515,17:23:30,42.138485,-66.907815,10.3257,32.6001,2225
33HH20230508,HB2301,135,20230515,17:43:31,42.13408167,-66.92752167,9.8117,32.7289,2229
33HH20230508,HB2301,135,20230515,18:03:30,42.09082,-66.9766,10.1234,32.7131,2233
33HH20230508,HB2301,135,20230515,18:23:30,42.08512167,-66.99089167,10.1352,32.7279,2229
33HH20230508,HB2301,135,20230515,18:43:29,42.08498333,-67.01427333,9.8356,32.8164,2229
33HH20230508,HB2301,135,20230515,19:03:30,42.08854,-67.02845333,9.8457,32.7901,2228
33HH20230508,HB2301,135,20230515,19:23:30,42.086915,-67.00345,10.1744,32.732,2225
33HH20230508,HB2301,135,20230515,19:43:31,42.08081833,-66.99043333,10.1316,32.757,2229
33HH20230508,HB2301,135,20230515,20:03:31,42.09920333,-67.07461833,10.0056,32.7825,2240
33HH20230508,HB2301,135,20230515,20:23:30,42.10246667,-67.16546167,9.9583,32.7552,2226
33HH20230508,HB2301,135,20230515,20:43:29,42.087075,-67.25147333,10.0477,32.712,2227
33HH20230508,HB2301,135,20230515,21:03:30,42.07263667,-67.31976667,9.8437,32.8001,2230
33HH20230508,HB2301,135,20230515,21:23:31,42.05103167,-67.38037167,9.9226,32.9597,2229
33HH20230508,HB2301,135,20230515,21:43:30,42.02086833,-67.44554333,10.0185,32.9547,2226
33HH20230508,HB2301,135,20230515,22:03:30,41.99378333,-67.51013833,9.9619,32.9923,2225
33HH20230508,HB2301,135,20230515,22:23:29,41.965885,-67.57506333,9.6449,32.7854,2223
33HH20230508,HB2301,136,20230516,0:39:19,41.784145,-67.99808833,10.2116,32.7932,2206
33HH20230508,HB2301,136,20230516,0:59:19,41.76019833,-68.06020333,10.1674,32.823,2226
33HH20230508,HB2301,136,20230516,1:19:18,41.735255,-68.12145167,10.2585,32.8966,2228
33HH20230508,HB2301,136,20230516,1:39:19,41.71166333,-68.18458,10.7056,33.0024,2248
33HH20230508,HB2301,136,20230516,1:59:20,41.69044,-68.24841333,10.6305,33.0442,2235
33HH20230508,HB2301,136,20230516,2:19:19,41.69017667,-68.31403,10.2442,32.6402,2230
33HH20230508,HB2301,136,20230516,2:39:19,41.66823333,-68.3575,10.2745,32.9335,2234
33HH20230508,HB2301,136,20230516,2:59:19,41.67169667,-68.35568833,10.2805,32.9841,2234
33HH20230508,HB2301,136,20230516,3:19:19,41.63955833,-68.40106833,10.3939,32.7941,2229
33HH20230508,HB2301,136,20230516,3:39:18,41.60857167,-68.44702833,10.2723,32.3175,2230
33HH20230508,HB2301,136,20230516,3:59:20,41.581905,-68.49609833,10.622,32.4356,2210
33HH20230508,HB2301,136,20230516,4:19:18,41.55519333,-68.54709167,10.5451,32.4551,2220
33HH20230508,HB2301,136,20230516,4:39:19,41.516815,-68.58611333,10.1447,32.4017,2228
33HH20230508,HB2301,136,20230516,4:59:18,41.5207,-68.574865,10.1474,32.4398,2222
33HH20230508,HB2301,136,20230516,5:19:19,41.54576333,-68.54074,10.5054,32.4624,2221
33HH20230508,HB2301,136,20230516,5:39:18,41.57024333,-68.50336167,10.6618,32.4791,2221
33HH20230508,HB2301,136,20230516,5:59:18,41.595,-68.46576167,10.1815,32.3917,2227
33HH20230508,HB2301,136,20230516,6:19:18,41.61942,-68.42964167,10.1478,32.3555,2217
33HH20230508,HB2301,136,20230516,6:39:19,41.64401,-68.394395,10.0654,32.4902,2216
33HH20230508,HB2301,136,20230516,6:59:19,41.669075,-68.35817,10.1039,32.4658,2222
33HH20230508,HB2301,136,20230516,7:19:19,41.68093167,-68.30743333,10.2861,32.5339,2218
33HH20230508,HB2301,136,20230516,7:39:19,41.69201333,-68.25847667,10.0213,32.804,2225
33HH20230508,HB2301,136,20230516,7:59:18,41.70580667,-68.20186667,9.8873,32.8859,2226
33HH20230508,HB2301,136,20230516,8:19:19,41.71999667,-68.171715,10.1011,32.7418,2223
33HH20230508,HB2301,136,20230516,8:39:19,41.72208,-68.16581,10.088,32.788,2231
33HH20230508,HB2301,136,20230516,8:59:17,41.71720167,-68.16811167,10.038,32.8637,2236
33HH20230508,HB2301,136,20230516,9:19:18,41.71236833,-68.18663833,10.1641,32.8393,2242
33HH20230508,HB2301,136,20230516,9:39:17,41.71396667,-68.18394333,10.223,32.8368,2222
33HH20230508,HB2301,136,20230516,9:59:17,41.70487833,-68.20142,10.2713,32.8822,2222
33HH20230508,HB2301,136,20230516,10:19:18,41.69911167,-68.21492,10.5768,33.0043,2232
33HH20230508,HB2301,136,20230516,10:39:18,41.698805,-68.25403333,10.3644,32.9399,2239
33HH20230508,HB2301,136,20230516,10:59:18,41.69879,-68.30025167,10.1671,32.6237,2217
33HH20230508,HB2301,136,20230516,11:19:18,41.69917667,-68.31037333,10.1231,32.6398,2224
33HH20230508,HB2301,136,20230516,11:39:18,41.69483333,-68.31155,10.1093,32.6597,2227
33HH20230508,HB2301,136,20230516,11:59:17,41.687525,-68.32926167,10.0902,32.7779,2220
33HH20230508,HB2301,136,20230516,12:19:17,41.67797167,-68.34417833,10.1154,32.9392,2220
33HH20230508,HB2301,136,20230516,13:59:18,41.54057833,-68.52947167,10.2055,32.3677,2216
33HH20230508,HB2301,136,20230516,14:19:17,41.53221167,-68.535035,10.1048,32.3844,2216
33HH20230508,HB2301,136,20230516,14:39:16,41.52090667,-68.55640667,10.0158,32.3913,2221
33HH20230508,HB2301,136,20230516,14:59:17,41.51218,-68.57358833,10.0984,32.4142,2216
33HH20230508,HB2301,136,20230516,15:19:17,41.50646,-68.56262333,10.0655,32.3972,2225
33HH20230508,HB2301,136,20230516,15:39:16,41.48981833,-68.48873167,10.0327,32.2405,2217
33HH20230508,HB2301,136,20230516,15:59:17,41.50306833,-68.43005667,10.1394,32.4024,2209
33HH20230508,HB2301,136,20230516,16:19:18,41.49843167,-68.43427167,10.1098,32.301,2214
33HH20230508,HB2301,136,20230516,16:39:16,41.485245,-68.45102833,10.0671,32.2514,2210
33HH20230508,HB2301,136,20230516,16:59:17,41.47561,-68.46273333,10.0462,32.2393,2205
33HH20230508,HB2301,136,20230516,17:19:16,41.47922833,-68.52370333,10.1559,32.3816,2208
33HH20230508,HB2301,136,20230516,17:39:17,41.48548333,-68.60002667,10.44,32.4352,2221
33HH20230508,HB2301,136,20230516,17:59:16,41.49167833,-68.67502167,10.2447,32.4224,2232
33HH20230508,HB2301,136,20230516,18:19:16,41.499605,-68.74992667,10.5706,32.4105,2221
33HH20230508,HB2301,136,20230516,18:39:16,41.50605833,-68.82548667,10.7742,32.4141,2217
33HH20230508,HB2301,136,20230516,18:59:16,41.51115167,-68.90362167,10.6847,32.3597,2224
33HH20230508,HB2301,136,20230516,19:19:16,41.54694833,-68.863765,10.6992,32.4638,2224
33HH20230508,HB2301,136,20230516,19:39:15,41.546205,-68.86271333,10.6814,32.4655,2225
33HH20230508,HB2301,136,20230516,19:59:16,41.53410333,-68.88575167,10.6953,32.4535,2223
33HH20230508,HB2301,136,20230516,20:19:16,41.52465333,-68.90070333,10.6783,32.3811,2223
33HH20230508,HB2301,136,20230516,20:39:15,41.51341667,-68.907635,10.7099,32.3379,2223
33HH20230508,HB2301,136,20230516,20:59:17,41.50011167,-68.95066333,10.8571,32.3882,2214
33HH20230508,HB2301,136,20230516,21:19:15,41.50287833,-69.01201,10.5457,32.0942,2211
33HH20230508,HB2301,136,20230516,21:39:17,41.50550167,-69.07419833,10.372,32.0712,2213
33HH20230508,HB2301,136,20230516,21:59:15,41.51393,-69.13629833,10.2191,32.0448,2215
33HH20230508,HB2301,136,20230516,22:19:15,41.525715,-69.195575,10.3089,32.033,2206
33HH20230508,HB2301,136,20230516,22:39:16,41.53869333,-69.25715,10.2263,32.031,2203
33HH20230508,HB2301,136,20230516,22:59:16,41.55053667,-69.32038833,10.2373,31.9425,2201
33HH20230508,HB2301,136,20230516,23:19:16,41.561685,-69.38388333,10.4303,31.6905,2188
33HH20230508,HB2301,136,20230516,23:39:15,41.57238333,-69.44687833,10.0928,31.7203,2171
33HH20230508,HB2301,136,20230516,23:59:16,41.58209,-69.51211833,10.3689,31.5052,2177
33HH20230508,HB2301,137,20230517,0:19:16,41.59001,-69.56840333,10.8418,31.2087,2146
33HH20230508,HB2301,137,20230517,0:39:15,41.59641333,-69.62629167,11.1289,31.1394,2128
33HH20230508,HB2301,137,20230517,0:59:15,41.602015,-69.68507,10.6689,31.2501,2130
33HH20230508,HB2301,137,20230517,1:19:15,41.63611667,-69.72336833,10.513,31.3138,2138
33HH20230508,HB2301,137,20230517,1:39:16,41.669635,-69.762865,11.104,30.9954,2124
33HH20230508,HB2301,137,20230517,1:59:14,41.70346333,-69.80238667,11.439,30.8898,2104
33HH20230508,HB2301,137,20230517,2:19:16,41.74916667,-69.81496667,11.4725,30.9677,2110
33HH20230508,HB2301,137,20230517,2:39:14,41.79474167,-69.83170667,11.3307,31.107,2113
33HH20230508,HB2301,137,20230517,2:59:16,41.83938333,-69.85055667,10.9312,30.7358,2106
33HH20230508,HB2301,137,20230517,3:19:15,41.88546833,-69.86155333,11.1534,30.8955,2105
33HH20230508,HB2301,137,20230517,3:39:14,41.92909833,-69.881935,11.4096,30.8802,2111
33HH20230508,HB2301,137,20230517,3:59:14,41.971455,-69.90282833,11.852,30.3627,2086
33HH20230508,HB2301,137,20230517,4:19:15,42.01001667,-69.93376333,11.67,30.4861,2078
33HH20230508,HB2301,137,20230517,4:39:14,42.04772167,-69.96686667,11.8493,30.3841,2082
33HH20230508,HB2301,137,20230517,4:59:15,42.08060833,-70.00402,12.2121,30.5247,2078
33HH20230508,HB2301,137,20230517,5:19:14,42.064505,-69.96183833,11.9951,30.3907,2093
33HH20230508,HB2301,137,20230517,5:39:13,42.01523667,-69.91423167,11.7076,30.4318,2077
33HH20230508,HB2301,137,20230517,5:59:14,41.96137667,-69.88170667,11.7418,30.342,2083
33HH20230508,HB2301,137,20230517,6:19:14,41.92162,-69.825545,12.2893,29.8079,2066
33HH20230508,HB2301,137,20230517,6:39:14,41.89826167,-69.75552333,12.0705,29.8602,2048
33HH20230508,HB2301,137,20230517,6:59:14,41.87752333,-69.68580667,11.5766,30.5272,2074
33HH20230508,HB2301,137,20230517,7:19:13,41.87497,-69.61188667,11.0547,31.3315,2126
33HH20230508,HB2301,137,20230517,7:39:14,41.88101833,-69.53589167,10.1613,31.9732,2169
33HH20230508,HB2301,137,20230517,7:59:14,41.88788833,-69.45873833,10.1659,31.9878,2210
33HH20230508,HB2301,137,20230517,8:19:13,41.89345167,-69.38275667,10.2947,32.0152,2205
33HH20230508,HB2301,137,20230517,8:39:13,41.89935333,-69.30808333,9.7868,32.038,2203
33HH20230508,HB2301,137,20230517,8:59:13,41.906345,-69.23273833,9.5456,32.0602,2202
33HH20230508,HB2301,137,20230517,9:19:14,41.91112667,-69.15696167,9.4262,32.0499,2197
33HH20230508,HB2301,137,20230517,9:39:15,41.91569667,-69.08052333,9.6944,32.0318,2202
33HH20230508,HB2301,137,20230517,9:59:13,41.92072667,-69.00523833,10.0192,32.1107,2199
33HH20230508,HB2301,137,20230517,10:19:14,41.92588,-68.93104833,10.3906,32.1809,2209
33HH20230508,HB2301,137,20230517,10:39:13,41.93143667,-68.85550333,10.4525,32.2702,2208
33HH20230508,HB2301,137,20230517,10:59:13,41.93596333,-68.78011667,10.332,32.4238,2216
33HH20230508,HB2301,137,20230517,11:19:13,41.9413,-68.70273333,10.3302,32.5124,2224
33HH20230508,HB2301,137,20230517,11:39:14,41.94628667,-68.62571,10.4254,32.5494,2223
33HH20230508,HB2301,137,20230517,11:59:13,41.95140167,-68.54946333,10.3353,32.532,2232
33HH20230508,HB2301,137,20230517,12:19:14,41.95790833,-68.47257833,10.2652,32.5348,2222
33HH20230508,HB2301,137,20230517,12:39:13,41.96367833,-68.39332,10.1637,32.5106,2226
33HH20230508,HB2301,137,20230517,12:59:12,41.96824167,-68.31603833,9.941,32.4512,2221
33HH20230508,HB2301,137,20230517,13:19:12,41.97315333,-68.23895,9.9871,32.3811,2215
33HH20230508,HB2301,137,20230517,13:39:12,41.978935,-68.16182,9.9456,32.4481,2218
33HH20230508,HB2301,137,20230517,13:59:14,41.98893167,-68.08624833,9.7403,32.4249,2218
33HH20230508,HB2301,137,20230517,14:19:14,41.99759,-68.010205,9.7853,32.4176,2222
33HH20230508,HB2301,137,20230517,14:39:14,42.00305333,-67.93323333,9.9232,32.4179,2219
33HH20230508,HB2301,137,20230517,14:59:13,42.00490333,-67.93787333,9.9629,32.4171,2222
33HH20230508,HB2301,137,20230517,15:19:12,41.960325,-67.90207667,10.1495,32.5194,2222
33HH20230508,HB2301,137,20230517,15:39:13,41.95731,-67.90100667,10.2138,32.5179,2219
33HH20230508,HB2301,137,20230517,15:59:13,41.97533833,-67.91461833,10.1778,32.4861,2224
33HH20230508,HB2301,137,20230517,16:19:12,41.98908,-67.92458167,10.1075,32.4451,2222
33HH20230508,HB2301,137,20230517,16:39:12,42.00194333,-67.92609167,10.0963,32.4197,2219
33HH20230508,HB2301,137,20230517,16:59:12,41.95993167,-67.89350167,10.2537,32.5084,2216
33HH20230508,HB2301,137,20230517,17:19:13,41.90572667,-67.86276333,10.1484,32.4863,2228
33HH20230508,HB2301,137,20230517,17:39:11,41.85023667,-67.83499833,10.188,32.503,2215
33HH20230508,HB2301,137,20230517,17:59:13,41.857675,-67.819505,10.1052,32.5132,2210
33HH20230508,HB2301,137,20230517,18:19:11,41.836555,-67.815145,10.0222,32.6005,2218
33HH20230508,HB2301,137,20230517,18:39:12,41.83691,-67.81665333,10.0253,32.6307,2220
33HH20230508,HB2301,137,20230517,18:59:12,41.85369333,-67.81878667,10.0018,32.5577,2217
33HH20230508,HB2301,137,20230517,19:19:12,41.86641,-67.81217667,9.841,32.5955,2219
33HH20230508,HB2301,137,20230517,19:39:12,41.90371,-67.79039167,9.9279,32.5458,2213
33HH20230508,HB2301,137,20230517,19:59:12,41.94458,-67.76831833,9.9427,32.5395,2219
33HH20230508,HB2301,137,20230517,20:19:11,41.985975,-67.74591833,10.0734,32.4969,2218
33HH20230508,HB2301,137,20230517,20:39:11,42.02713,-67.72311667,10.0951,32.4816,2223
33HH20230508,HB2301,137,20230517,20:59:11,42.047225,-67.68739667,10.1212,32.4938,2218
33HH20230508,HB2301,137,20230517,21:19:12,42.017895,-67.62438667,9.2744,32.6192,2223
33HH20230508,HB2301,137,20230517,21:39:11,41.99173667,-67.56605667,9.6577,32.6711,2222
33HH20230508,HB2301,137,20230517,21:59:12,41.97039,-67.536725,9.7489,32.7356,2225
33HH20230508,HB2301,137,20230517,22:19:11,42.00410833,-67.57264167,9.7542,32.6693,2223
33HH20230508,HB2301,137,20230517,22:39:12,42.04049833,-67.58249667,9.9724,32.5856,2217
33HH20230508,HB2301,137,20230517,22:59:11,42.06927167,-67.591945,10.0919,32.5523,2218
33HH20230508,HB2301,137,20230517,23:19:10,42.09665667,-67.59968833,9.9392,32.5572,2221
33HH20230508,HB2301,137,20230517,23:39:11,42.12432167,-67.60613833,10.022,32.5483,2222
33HH20230508,HB2301,137,20230517,23:59:11,42.15093,-67.61181,10.0022,32.5533,2220
33HH20230508,HB2301,138,20230518,0:19:12,42.13808833,-67.56406833,9.8236,32.563,2224
33HH20230508,HB2301,138,20230518,0:39:11,42.11242167,-67.50235,9.5086,32.5954,2221
33HH20230508,HB2301,138,20230518,0:59:11,42.087255,-67.44003833,9.5292,32.7139,2209
33HH20230508,HB2301,138,20230518,1:19:10,42.06411667,-67.37347,9.7326,32.9059,2227
33HH20230508,HB2301,138,20230518,1:39:11,42.02644167,-67.323035,9.6948,32.9109,2225
33HH20230508,HB2301,138,20230518,1:59:10,42.01861,-67.30163333,9.6907,32.8987,2217
33HH20230508,HB2301,138,20230518,2:19:12,42.03037,-67.31751167,9.7122,32.9233,2217
33HH20230508,HB2301,138,20230518,2:39:10,42.03815333,-67.34219667,9.743,32.9543,2217
33HH20230508,HB2301,138,20230518,2:59:10,42.04235833,-67.37406167,9.6802,32.7978,2217
33HH20230508,HB2301,138,20230518,3:19:09,42.04385833,-67.40452333,9.6123,32.766,2212
33HH20230508,HB2301,138,20230518,3:39:11,42.04505833,-67.43554833,9.6216,32.7928,2223
33HH20230508,HB2301,138,20230518,3:59:10,42.046995,-67.46728667,9.5788,32.7389,2219
33HH20230508,HB2301,138,20230518,4:19:10,42.04989833,-67.49810667,9.6042,32.7245,2220
33HH20230508,HB2301,138,20230518,4:39:10,42.05283667,-67.52722,9.5481,32.6888,2222
33HH20230508,HB2301,138,20230518,4:59:11,42.05701833,-67.557025,9.4786,32.6387,2221
33HH20230508,HB2301,138,20230518,5:19:09,42.06057333,-67.58353,9.5592,32.6103,2221
33HH20230508,HB2301,138,20230518,5:39:09,42.082605,-67.57560333,9.6617,32.5915,2211
33HH20230508,HB2301,138,20230518,5:59:10,42.095185,-67.59756167,9.4892,32.5975,2246
33HH20230508,HB2301,138,20230518,6:19:10,42.102485,-67.62981667,9.5224,32.5815,2223
33HH20230508,HB2301,138,20230518,6:39:09,42.10935167,-67.65797333,9.6842,32.5281,2222
33HH20230508,HB2301,138,20230518,6:59:09,42.11545333,-67.68206833,9.7383,32.5094,2219
33HH20230508,HB2301,138,20230518,7:19:10,42.11726,-67.71421333,9.8033,32.4938,2224
33HH20230508,HB2301,138,20230518,7:39:09,42.11351,-67.75238667,9.7328,32.437,2220
33HH20230508,HB2301,138,20230518,7:59:10,42.07368333,-67.730075,9.8085,32.4926,2223
33HH20230508,HB2301,138,20230518,8:19:10,42.02286167,-67.70162833,9.5305,32.5543,2227
33HH20230508,HB2301,138,20230518,8:39:09,42.01028667,-67.732765,9.4971,32.5423,2224
33HH20230508,HB2301,138,20230518,8:59:09,42.01826667,-67.74118667,9.4969,32.5324,2218
33HH20230508,HB2301,138,20230518,9:19:11,42.00919,-67.70448833,9.4354,32.5848,2212
33HH20230508,HB2301,138,20230518,9:39:09,42.00743833,-67.69049833,9.3796,32.5961,2221
33HH20230508,HB2301,138,20230518,9:59:10,42.003335,-67.68997667,9.3753,32.601,2226
33HH20230508,HB2301,138,20230518,10:19:09,42.00840833,-67.69309,9.3701,32.5954,2223
33HH20230508,HB2301,138,20230518,10:39:09,42.03612833,-67.66393333,9.3628,32.5798,2220
33HH20230508,HB2301,138,20230518,10:59:08,42.0539,-67.62725333,9.308,32.6178,2217
33HH20230508,HB2301,138,20230518,11:19:08,42.033825,-67.62550667,9.2472,32.6458,2221
33HH20230508,HB2301,138,20230518,11:39:09,42.04246333,-67.633155,9.2497,32.6408,2220
33HH20230508,HB2301,138,20230518,11:59:10,42.03696833,-67.66154333,9.348,32.6265,2223
33HH20230508,HB2301,138,20230518,12:19:08,42.03169833,-67.68045167,9.4016,32.6254,2220
33HH20230508,HB2301,138,20230518,12:39:09,42.034055,-67.68510667,9.4726,32.6113,2237
33HH20230508,HB2301,138,20230518,12:59:08,42.08042333,-67.6533,9.3644,32.6097,2221
33HH20230508,HB2301,138,20230518,13:19:09,42.10503,-67.58916,9.519,32.6085,2218
33HH20230508,HB2301,138,20230518,13:39:09,42.11757,-67.54352667,9.4782,32.6056,2220
33HH20230508,HB2301,138,20230518,13:59:08,42.125675,-67.55412333,9.4776,32.5864,2219
33HH20230508,HB2301,138,20230518,14:19:08,42.131235,-67.55859667,9.5259,32.5722,2220
33HH20230508,HB2301,138,20230518,14:39:09,42.14231,-67.57756167,9.5446,32.5932,2223
33HH20230508,HB2301,138,20230518,14:59:09,42.15077167,-67.59484667,9.6462,32.5919,2220
33HH20230508,HB2301,138,20230518,15:19:09,42.15128833,-67.56711,9.6328,32.5449,2222
33HH20230508,HB2301,138,20230518,15:39:08,42.115465,-67.50753667,9.7345,32.6389,2218
33HH20230508,HB2301,138,20230518,15:59:08,42.08456833,-67.43980167,9.7201,32.7195,2219
33HH20230508,HB2301,138,20230518,16:19:08,42.050485,-67.36499333,9.7083,32.704,2229
33HH20230508,HB2301,138,20230518,16:39:08,42.01649333,-67.31155833,9.867,32.7691,2225
33HH20230508,HB2301,138,20230518,16:59:08,42.014575,-67.3107,9.8409,32.7879,2222
33HH20230508,HB2301,138,20230518,17:19:08,42.026835,-67.324705,9.838,32.7125,2220
33HH20230508,HB2301,138,20230518,17:39:08,42.035025,-67.33651667,9.7985,32.7029,2219
33HH20230508,HB2301,138,20230518,17:59:08,42.0387,-67.33483667,9.9089,32.7144,2217
33HH20230508,HB2301,138,20230518,18:19:08,42.02333833,-67.32170833,9.7402,32.7163,2230
33HH20230508,HB2301,138,20230518,18:39:08,42.01812833,-67.30472667,9.7668,32.7784,2221
33HH20230508,HB2301,138,20230518,18:59:07,42.07083,-67.28418667,9.7422,32.625,2220
33HH20230508,HB2301,138,20230518,19:19:08,42.1263,-67.267405,9.9348,32.5089,2217
33HH20230508,HB2301,138,20230518,19:39:07,42.13269,-67.193375,9.7629,32.564,2219
33HH20230508,HB2301,138,20230518,19:59:07,42.130125,-67.19816667,9.8324,32.5576,2221
33HH20230508,HB2301,138,20230518,20:19:07,42.130625,-67.22303167,9.8309,32.5046,2218
33HH20230508,HB2301,138,20230518,20:39:07,42.12398,-67.24051667,9.9363,32.506,2217
33HH20230508,HB2301,138,20230518,20:59:07,42.11320667,-67.17962167,9.7846,32.5929,2229
33HH20230508,HB2301,138,20230518,21:19:08,42.09582,-67.08835667,9.6344,32.554,2225
33HH20230508,HB2301,138,20230518,21:39:07,42.080255,-66.998595,9.5807,32.5105,2217
33HH20230508,HB2301,138,20230518,21:59:07,42.06661667,-66.90933667,9.582,32.5202,2218
33HH20230508,HB2301,138,20230518,22:19:06,42.05349167,-66.82164,9.469,32.6171,2218
33HH20230508,HB2301,138,20230518,22:39:07,42.04244167,-66.75675167,9.5393,32.6743,2218
33HH20230508,HB2301,138,20230518,22:59:06,42.026145,-66.691835,9.5224,32.6822,2225
33HH20230508,HB2301,138,20230518,23:19:07,42.039735,-66.69469333,9.4122,32.664,2223
33HH20230508,HB2301,138,20230518,23:39:07,42.01882833,-66.65060167,9.229,32.8297,2224
33HH20230508,HB2301,138,20230518,23:59:07,41.97213333,-66.61146667,9.1505,32.8057,2223
33HH20230508,HB2301,139,20230519,0:19:06,41.91755667,-66.60998167,9.2279,32.8541,2223
33HH20230508,HB2301,139,20230519,0:39:06,41.91408833,-66.60922,9.1493,32.8588,2221
33HH20230508,HB2301,139,20230519,0:59:06,41.88939,-66.60518,9.0566,32.8916,2225
33HH20230508,HB2301,139,20230519,1:19:07,41.83490333,-66.58237333,8.8887,32.9357,2221
33HH20230508,HB2301,139,20230519,1:39:06,41.780225,-66.56053,8.8453,32.9545,2222
33HH20230508,HB2301,139,20230519,1:59:07,41.74513333,-66.56930833,8.8199,32.9677,2221
33HH20230508,HB2301,139,20230519,2:19:06,41.75421,-66.61040167,8.9328,32.9751,2223
33HH20230508,HB2301,139,20230519,2:39:06,41.74588,-66.69162167,9.0154,32.9709,2221
33HH20230508,HB2301,139,20230519,2:59:06,41.73664333,-66.773595,9.13,32.9493,2218
33HH20230508,HB2301,139,20230519,3:19:07,41.728475,-66.85553833,9.2476,32.9701,2221
33HH20230508,HB2301,139,20230519,3:39:05,41.72297333,-66.93646667,9.3269,32.9774,2218
33HH20230508,HB2301,139,20230519,3:59:06,41.71924167,-67.01721667,9.4468,32.9922,2216
33HH20230508,HB2301,139,20230519,4:19:06,41.6753,-67.05563667,9.4777,33.0037,2213
33HH20230508,HB2301,139,20230519,4:39:07,41.67817,-67.05232333,9.4969,33.0032,2206
33HH20230508,HB2301,139,20230519,4:59:05,41.72159667,-66.99483833,9.5019,32.9907,2212
33HH20230508,HB2301,139,20230519,5:19:05,41.76788167,-66.92857,9.2975,32.9682,2212
33HH20230508,HB2301,139,20230519,5:39:05,41.817485,-66.86804333,9.24,32.9623,2214
33HH20230508,HB2301,139,20230519,5:59:06,41.86635833,-66.809265,9.3131,32.9164,2218
33HH20230508,HB2301,139,20230519,6:19:06,41.911055,-66.74788667,9.3094,32.8065,2217
33HH20230508,HB2301,139,20230519,6:39:05,41.95923833,-66.70649833,9.2441,32.8161,2212
33HH20230508,HB2301,139,20230519,6:59:05,41.99430833,-66.69485,9.2338,32.7783,2220
33HH20230508,HB2301,139,20230519,7:19:05,41.99490833,-66.70301333,9.2287,32.7658,2214
33HH20230508,HB2301,139,20230519,7:39:05,42.00749333,-66.69432667,9.2164,32.7497,2219
33HH20230508,HB2301,139,20230519,7:59:05,42.02384333,-66.69473333,9.2989,32.6015,2217
33HH20230508,HB2301,139,20230519,8:19:05,42.03553333,-66.69375667,9.2904,32.5598,2219
33HH20230508,HB2301,139,20230519,8:39:06,42.01349667,-66.69301667,9.2172,32.6073,2211
33HH20230508,HB2301,139,20230519,8:59:04,41.953265,-66.64768,9.175,32.7795,2234
33HH20230508,HB2301,139,20230519,9:19:04,41.90998333,-66.61220833,9.1024,32.8452,2220
33HH20230508,HB2301,139,20230519,9:39:05,41.91648667,-66.61120167,9.0705,32.8679,2220
33HH20230508,HB2301,139,20230519,9:59:06,41.93325667,-66.60552667,9.0233,32.8984,2217
33HH20230508,HB2301,139,20230519,10:19:04,41.95024,-66.60376833,9.0417,32.8699,2219
33HH20230508,HB2301,139,20230519,10:39:06,41.89783833,-66.609405,8.982,32.9169,2213
33HH20230508,HB2301,139,20230519,10:59:04,41.83599667,-66.61630333,9.0136,32.9041,2217
33HH20230508,HB2301,139,20230519,11:19:05,41.77729167,-66.61294,8.9896,32.9387,2217
33HH20230508,HB2301,139,20230519,11:39:04,41.75584,-66.60411833,8.9464,32.9468,2217
33HH20230508,HB2301,139,20230519,11:59:04,41.75600167,-66.58878333,8.8737,32.9422,2215
33HH20230508,HB2301,139,20230519,12:19:04,41.75593333,-66.56746,8.8434,32.9404,2242
33HH20230508,HB2301,139,20230519,12:39:04,41.751255,-66.572975,8.8564,32.9444,2215
33HH20230508,HB2301,139,20230519,12:59:04,41.74477333,-66.667815,8.9954,32.9717,2215
33HH20230508,HB2301,139,20230519,13:19:03,41.73425333,-66.75969667,9.1497,32.9323,2212
33HH20230508,HB2301,139,20230519,13:39:04,41.723495,-66.85012167,9.1895,32.9547,2212
33HH20230508,HB2301,139,20230519,13:59:04,41.71283167,-66.937875,9.2383,32.965,2216
33HH20230508,HB2301,139,20230519,14:19:03,41.70599,-67.02571667,9.475,32.986,2215
33HH20230508,HB2301,139,20230519,14:39:05,41.69327833,-67.042395,9.5079,32.991,2212
33HH20230508,HB2301,139,20230519,14:59:03,41.70461833,-67.02639833,9.542,32.9912,2208
33HH20230508,HB2301,139,20230519,15:19:04,41.70467833,-67.03162,9.582,32.9918,2206
33HH20230508,HB2301,139,20230519,15:39:03,41.70031333,-67.03420667,9.5737,32.9928,2202
33HH20230508,HB2301,139,20230519,15:59:03,41.68687333,-67.05117333,9.6058,32.9998,2206
33HH20230508,HB2301,139,20230519,16:19:04,41.67831833,-67.06525833,9.6382,33.0039,2206
33HH20230508,HB2301,139,20230519,16:39:03,41.70014167,-67.10762167,9.7188,33.0057,2202
33HH20230508,HB2301,139,20230519,16:59:05,41.741055,-67.17200833,9.811,33.0058,2201
33HH20230508,HB2301,139,20230519,17:19:05,41.7826,-67.23268667,9.9412,32.9778,2202
33HH20230508,HB2301,139,20230519,17:39:03,41.80201167,-67.267785,10.0032,32.9373,2199
33HH20230508,HB2301,139,20230519,17:59:03,41.79884,-67.271685,9.9982,32.8651,2201
33HH20230508,HB2301,139,20230519,18:19:03,41.79211333,-67.25053,10.0166,32.871,2202
33HH20230508,HB2301,139,20230519,18:39:03,41.78766833,-67.23969,10.0249,32.9312,2201
33HH20230508,HB2301,139,20230519,18:59:03,41.78820833,-67.246005,10.0165,32.8746,2213
33HH20230508,HB2301,139,20230519,19:19:03,41.79554167,-67.26518,10.0064,32.8428,2203
33HH20230508,HB2301,139,20230519,19:39:03,41.79855,-67.283005,10.0005,32.8312,2200
33HH20230508,HB2301,139,20230519,19:59:03,41.79916167,-67.33242167,10.0309,32.8127,2197
33HH20230508,HB2301,139,20230519,20:19:03,41.81522833,-67.35115,10.0854,32.7972,2196
33HH20230508,HB2301,139,20230519,20:39:03,41.80364833,-67.34620667,10.0646,32.8205,2194
33HH20230508,HB2301,139,20230519,20:59:04,41.82054833,-67.35444,10.0074,32.8671,2197
33HH20230508,HB2301,139,20230519,21:19:03,41.830135,-67.36843667,10.076,32.8634,2204
33HH20230508,HB2301,139,20230519,21:39:03,41.82056833,-67.357635,10.017,32.867,2200
33HH20230508,HB2301,139,20230519,21:59:03,41.82370667,-67.35833667,10.0103,32.868,2200
33HH20230508,HB2301,139,20230519,22:19:02,41.80560167,-67.437375,10.1302,32.721,2198
33HH20230508,HB2301,139,20230519,22:39:03,41.76802167,-67.47278167,10.1924,32.7625,2206
33HH20230508,HB2301,139,20230519,22:59:03,41.74455,-67.46849667,10.222,32.8038,2191
33HH20230508,HB2301,139,20230519,23:19:02,41.74788,-67.52854333,10.1582,32.771,2192
33HH20230508,HB2301,139,20230519,23:39:02,41.70208833,-67.52454667,10.2193,32.866,2196
33HH20230508,HB2301,139,20230519,23:59:02,41.70426,-67.51926667,10.2315,32.8879,2195
33HH20230508,HB2301,140,20230520,0:19:03,41.66516333,-67.480155,10.3342,32.9832,2194
33HH20230508,HB2301,140,20230520,0:39:02,41.67929833,-67.497955,10.3044,32.956,2201
33HH20230508,HB2301,140,20230520,0:59:02,41.72661667,-67.54446,10.2629,32.8657,2207
33HH20230508,HB2301,140,20230520,1:19:03,41.70775,-67.52839,10.28,32.8907,2208
33HH20230508,HB2301,140,20230520,1:39:02,41.70945667,-67.57081,10.3166,32.8608,2207
33HH20230508,HB2301,140,20230520,1:59:03,41.73467,-67.577575,10.3024,32.8558,2201
33HH20230508,HB2301,140,20230520,2:19:02,41.69769167,-67.59364333,10.3748,32.8493,2202
33HH20230508,HB2301,140,20230520,2:39:03,41.73260833,-67.54825167,10.2927,32.8897,2198
33HH20230508,HB2301,140,20230520,2:59:02,41.71783167,-67.48208833,10.3912,33.0014,2198
33HH20230508,HB2301,140,20230520,3:19:02,41.701315,-67.46361,10.3799,33,2197
33HH20230508,HB2301,140,20230520,3:39:02,41.66651667,-67.50445167,10.368,32.8917,2202
33HH20230508,HB2301,140,20230520,3:59:01,41.65530167,-67.566615,10.5234,32.9657,2205
33HH20230508,HB2301,140,20230520,4:19:02,41.65098833,-67.64199333,10.5308,32.9029,2204
33HH20230508,HB2301,140,20230520,4:39:01,41.70054,-67.676345,10.5473,32.8354,2209
33HH20230508,HB2301,140,20230520,4:59:01,41.74632667,-67.67389833,10.559,32.9268,2205
33HH20230508,HB2301,140,20230520,5:19:01,41.74049333,-67.58009833,10.4585,32.8671,2200
33HH20230508,HB2301,140,20230520,5:39:01,41.72876333,-67.48851,10.3264,32.8902,2197
33HH20230508,HB2301,140,20230520,5:59:01,41.67936,-67.42195667,10.4219,32.993,2197
33HH20230508,HB2301,140,20230520,6:19:01,41.71644333,-67.40376,10.3339,32.9726,2198
33HH20230508,HB2301,140,20230520,6:39:00,41.74682333,-67.41689833,10.2706,32.9182,2202
33HH20230508,HB2301,140,20230520,6:59:00,41.728425,-67.45078333,10.2536,32.8799,2203
33HH20230508,HB2301,140,20230520,7:19:02,41.72277667,-67.46000833,10.2197,32.8677,2204
33HH20230508,HB2301,140,20230520,7:39:01,41.73170167,-67.461985,10.1812,32.8075,2206
33HH20230508,HB2301,140,20230520,7:59:00,41.74536667,-67.46933,10.191,32.7834,2203
33HH20230508,HB2301,140,20230520,8:19:01,41.75783,-67.47644333,10.2743,32.7929,2201
33HH20230508,HB2301,140,20230520,8:39:00,41.72297833,-67.494955,10.2932,32.8307,2197
33HH20230508,HB2301,140,20230520,8:59:00,41.68852,-67.49380167,10.3237,32.8495,2195
33HH20230508,HB2301,140,20230520,9:19:02,41.69696667,-67.514615,10.3361,32.841,2195
33HH20230508,HB2301,140,20230520,9:39:00,41.709785,-67.52570667,10.3159,32.8381,2195
33HH20230508,HB2301,140,20230520,9:59:01,41.69511333,-67.53104,10.3379,32.831,2195
33HH20230508,HB2301,140,20230520,10:19:00,41.64295833,-67.47651333,10.3388,32.8784,2198
33HH20230508,HB2301,140,20230520,10:39:00,41.57873833,-67.46504167,10.3871,32.98,2193
33HH20230508,HB2301,140,20230520,10:59:00,41.52259667,-67.513355,10.519,32.9072,2195
33HH20230508,HB2301,140,20230520,11:19:00,41.48026667,-67.59399333,10.5081,32.9525,2194
33HH20230508,HB2301,140,20230520,11:39:00,41.44063167,-67.673475,10.6568,32.9967,2197
33HH20230508,HB2301,140,20230520,11:59:01,41.41227167,-67.76096167,10.7269,33.0022,2198
33HH20230508,HB2301,140,20230520,12:19:00,41.39584167,-67.85552333,10.789,33.04,2195
33HH20230508,HB2301,140,20230520,12:39:01,41.41268167,-67.938205,10.8017,32.9941,2198
33HH20230508,HB2301,140,20230520,12:59:00,41.42095,-67.94582833,10.7973,33.001,2199
33HH20230508,HB2301,140,20230520,13:19:00,41.41247833,-67.93544,10.807,33.0594,2199
33HH20230508,HB2301,140,20230520,13:39:00,41.39384833,-67.91191667,10.7989,33.0912,2210
33HH20230508,HB2301,140,20230520,13:59:00,41.413145,-67.93742833,10.8597,33.0854,2203
33HH20230508,HB2301,140,20230520,14:19:00,41.40870833,-67.899345,10.8327,33.0693,2204
33HH20230508,HB2301,140,20230520,14:38:59,41.40238,-67.82496667,10.8207,33.0473,2204
33HH20230508,HB2301,140,20230520,14:58:59,41.414915,-67.79154333,10.8347,33.0441,2203
33HH20230508,HB2301,140,20230520,15:18:59,41.44088833,-67.77091167,10.8275,33.021,2212
33HH20230508,HB2301,140,20230520,15:38:59,41.43385833,-67.79509333,10.8439,33.0337,2204
33HH20230508,HB2301,140,20230520,15:58:59,41.445795,-67.75273,10.8544,33.0268,2203
33HH20230508,HB2301,140,20230520,16:18:59,41.44166167,-67.77038,10.9017,33.0315,2203
33HH20230508,HB2301,140,20230520,16:38:59,41.43584167,-67.79044,10.9323,33.0438,2203
33HH20230508,HB2301,140,20230520,16:59:00,41.423875,-67.80124667,10.9527,33.0671,2201
33HH20230508,HB2301,140,20230520,17:19:00,41.40195167,-67.878135,11.0781,33.0532,2201
33HH20230508,HB2301,140,20230520,17:38:59,41.40416167,-67.95503833,11.0602,33.0653,2201
33HH20230508,HB2301,140,20230520,17:58:59,41.41557333,-68.03611,11.0101,33.0974,2210
33HH20230508,HB2301,140,20230520,18:18:59,41.426425,-68.11766667,10.8777,33.0895,2197
33HH20230508,HB2301,140,20230520,18:39:00,41.42462,-68.20596333,10.9295,33.0931,2198
33HH20230508,HB2301,140,20230520,18:58:59,41.40081,-68.28433333,10.7308,32.9083,2202
33HH20230508,HB2301,140,20230520,19:18:58,41.37600833,-68.36822667,10.3935,32.7299,2202
33HH20230508,HB2301,140,20230520,19:42:30,41.34774333,-68.46865,10.0919,32.676,2186
33HH20230508,HB2301,140,20230520,20:02:30,41.32813833,-68.44574167,9.9457,32.7082,2208
33HH20230508,HB2301,140,20230520,20:22:31,41.32303,-68.46477667,9.9732,32.6773,2219
33HH20230508,HB2301,140,20230520,20:42:30,41.342345,-68.44707833,9.9434,32.6579,2217
33HH20230508,HB2301,140,20230520,21:02:30,41.32643,-68.46412833,10.0236,32.6834,2210
33HH20230508,HB2301,140,20230520,21:22:30,41.30269167,-68.49278667,10.0323,32.6893,2215
33HH20230508,HB2301,140,20230520,21:42:30,41.326285,-68.56909833,10.1983,32.3968,2205
33HH20230508,HB2301,140,20230520,22:02:31,41.30013333,-68.54047,9.8928,32.4788,2216
33HH20230508,HB2301,140,20230520,22:22:30,41.30943833,-68.53537833,10.0453,32.4694,2209
33HH20230508,HB2301,140,20230520,22:42:31,41.30895333,-68.6248,10.6015,32.3032,2208
33HH20230508,HB2301,140,20230520,23:02:30,41.31600667,-68.71737167,10.492,32.1584,2201
33HH20230508,HB2301,140,20230520,23:22:32,41.32364333,-68.81031667,10.3811,32.0786,2202
33HH20230508,HB2301,140,20230520,23:42:31,41.33142333,-68.888795,10.384,32.046,2194
33HH20230508,HB2301,141,20230521,0:02:30,41.35054,-68.964435,10.3975,32.0668,2201
33HH20230508,HB2301,141,20230521,0:22:30,41.36670833,-69.04161,10.4111,32.0594,2200
33HH20230508,HB2301,141,20230521,0:42:30,41.37517,-69.11752833,10.3671,31.9756,2197
33HH20230508,HB2301,141,20230521,1:02:29,41.3817,-69.193505,10.6279,31.751,2174
33HH20230508,HB2301,141,20230521,1:22:29,41.38995167,-69.27164667,10.3489,31.5669,2168
33HH20230508,HB2301,141,20230521,1:42:31,41.40040667,-69.34864,9.9486,31.7187,2166
33HH20230508,HB2301,141,20230521,2:02:29,41.411485,-69.425975,9.823,31.6701,2168
33HH20230508,HB2301,141,20230521,2:22:30,41.42264,-69.50385167,10.0181,31.5341,2157
33HH20230508,HB2301,141,20230521,2:42:29,41.42464,-69.49730167,9.9413,31.5401,2147
33HH20230508,HB2301,141,20230521,3:02:30,41.47966667,-69.523215,9.7563,31.547,2151
33HH20230508,HB2301,141,20230521,3:22:30,41.52671333,-69.57190667,10.1625,31.4628,2145
33HH20230508,HB2301,141,20230521,3:42:30,41.57102,-69.61764833,9.3282,31.5695,2137
33HH20230508,HB2301,141,20230521,4:02:30,41.604145,-69.66917667,9.7779,31.707,2156
33HH20230508,HB2301,141,20230521,4:22:29,41.64990333,-69.70821167,10.599,31.4628,2166
33HH20230508,HB2301,141,20230521,4:42:30,41.70249833,-69.73735333,10.9057,31.1656,2148
33HH20230508,HB2301,141,20230521,5:02:29,41.74999167,-69.77228167,11.2371,30.84,2119
33HH20230508,HB2301,141,20230521,5:22:29,41.79582667,-69.81254,11.1453,30.8664,2110
33HH20230508,HB2301,141,20230521,5:42:30,41.8431,-69.85217667,10.43,31.1245,2119
33HH20230508,HB2301,141,20230521,6:02:29,41.88774667,-69.853895,10.272,31.2465,2133
33HH20230508,HB2301,141,20230521,6:22:30,41.92136167,-69.85349,10.1597,31.2842,2131
33HH20230508,HB2301,141,20230521,6:42:28,41.95563833,-69.88263667,10.7336,30.9844,2110
33HH20230508,HB2301,141,20230521,7:02:29,41.991015,-69.91753167,10.8133,30.9429,2116
33HH20230508,HB2301,141,20230521,7:22:29,42.016145,-69.943115,10.8708,30.8528,2106
33HH20230508,HB2301,141,20230521,7:42:30,41.98271,-69.91273833,10.6952,30.9936,2110
33HH20230508,HB2301,141,20230521,8:02:29,41.99065333,-69.92270167,10.74,30.8577,2113
33HH20230508,HB2301,141,20230521,8:22:29,42.01816833,-69.94872333,11.1063,30.6681,2096
33HH20230508,HB2301,141,20230521,8:42:29,42.00279667,-69.92967167,10.7851,30.8547,2102
33HH20230508,HB2301,141,20230521,9:02:29,42.00270667,-69.92859,10.8766,30.8065,2107
33HH20230508,HB2301,141,20230521,9:22:28,42.01303,-69.94021167,11.196,30.6806,2102
33HH20230508,HB2301,141,20230521,9:42:29,42.00033,-69.93120167,10.9049,30.7988,2101
33HH20230508,HB2301,141,20230521,10:02:27,41.98466167,-69.91646,10.6879,30.8725,2102
33HH20230508,HB2301,141,20230521,10:22:28,41.97395167,-69.90054833,10.6252,30.9478,2107
33HH20230508,HB2301,141,20230521,10:42:28,41.938495,-69.86725,10.8346,30.8687,2117
33HH20230508,HB2301,141,20230521,11:02:28,41.91488667,-69.85035667,10.7186,31.0102,2107
33HH20230508,HB2301,141,20230521,11:22:28,41.923495,-69.85184,10.864,30.8443,2129
33HH20230508,HB2301,141,20230521,11:42:28,41.92592667,-69.85178,10.8218,30.8079,2103
33HH20230508,HB2301,141,20230521,12:02:28,41.90660833,-69.84783333,10.3672,31.0418,2112
33HH20230508,HB2301,141,20230521,12:22:28,41.893725,-69.84056167,10.3722,31.0355,2113
33HH20230508,HB2301,141,20230521,12:42:27,41.85302833,-69.80987333,10.6016,31.0843,2113
33HH20230508,HB2301,141,20230521,13:02:28,41.79255833,-69.77875167,11.1665,30.8555,2110
33HH20230508,HB2301,141,20230521,13:22:27,41.72736167,-69.77256167,10.1284,31.4289,2118
33HH20230508,HB2301,141,20230521,13:42:28,41.66524,-69.75313,9.5565,31.7728,2200
33HH20230508,HB2301,141,20230521,14:02:27,41.62295833,-69.69517,9.5546,31.7293,2168
33HH20230508,HB2301,141,20230521,14:22:28,41.60734167,-69.67285833,9.7007,31.5071,2152
33HH20230508,HB2301,141,20230521,14:42:28,41.598325,-69.654925,9.5886,31.6041,2152
33HH20230508,HB2301,141,20230521,15:02:29,41.59184167,-69.64133167,9.4086,31.6367,2154
33HH20230508,HB2301,141,20230521,15:22:29,41.58967833,-69.64222833,9.5941,31.5668,2148
33HH20230508,HB2301,141,20230521,15:42:27,41.58934667,-69.56342167,10.0329,31.3733,2134
33HH20230508,HB2301,141,20230521,16:02:28,41.585695,-69.48561833,10.1054,31.419,2136
33HH20230508,HB2301,141,20230521,16:22:28,41.58103833,-69.41178333,10.1441,31.4971,2148
33HH20230508,HB2301,141,20230521,16:42:27,41.57688167,-69.33338333,10.4695,31.5629,2151
33HH20230508,HB2301,141,20230521,17:02:27,41.58567667,-69.29130333,10.6173,31.6076,2164
33HH20230508,HB2301,141,20230521,17:22:27,41.60579833,-69.294085,10.6752,31.6793,2176
33HH20230508,HB2301,141,20230521,17:42:27,41.589335,-69.29210167,10.6369,31.6434,2174
33HH20230508,HB2301,141,20230521,18:02:27,41.57226833,-69.28972833,10.7039,31.591,2167
33HH20230508,HB2301,141,20230521,18:22:28,41.55588667,-69.28651,10.5718,31.6083,2169
33HH20230508,HB2301,141,20230521,18:42:26,41.52448167,-69.23316333,10.4154,31.6248,2166
33HH20230508,HB2301,141,20230521,19:02:27,41.49324333,-69.16112667,10.6185,31.7031,2162
33HH20230508,HB2301,141,20230521,19:22:27,41.46194333,-69.090435,10.7136,31.717,2192
33HH20230508,HB2301,141,20230521,19:42:26,41.44702667,-69.01223667,10.782,31.691,2170
33HH20230508,HB2301,141,20230521,20:02:26,41.44513333,-68.930305,10.8153,31.8689,2184
33HH20230508,HB2301,141,20230521,20:22:27,41.43092667,-68.9162,10.8139,31.8599,2192
33HH20230508,HB2301,141,20230521,20:42:27,41.43594333,-68.91938833,10.8412,31.8893,2193
33HH20230508,HB2301,141,20230521,21:02:26,41.41791833,-68.91592833,10.8733,31.8655,2192
33HH20230508,HB2301,141,20230521,21:22:26,41.39943833,-68.91263167,10.8904,31.8384,2186
33HH20230508,HB2301,141,20230521,21:42:27,41.392925,-68.90750667,10.806,31.8304,2195
33HH20230508,HB2301,141,20230521,22:02:26,41.386545,-68.91538,10.8961,31.8214,2187
33HH20230508,HB2301,141,20230521,22:22:25,41.337955,-68.94070333,10.6828,31.9527,2185
33HH20230508,HB2301,141,20230521,22:42:27,41.28566,-68.96306667,10.4947,32.0164,2195
33HH20230508,HB2301,141,20230521,23:02:26,41.27942667,-68.972195,10.5024,31.9973,2203
33HH20230508,HB2301,141,20230521,23:22:27,41.28850667,-68.94260167,10.3397,32.0413,2197
33HH20230508,HB2301,141,20230521,23:42:25,41.23965,-68.93329167,10.4748,32.0393,2197
33HH20230508,HB2301,142,20230522,0:02:26,41.19223167,-68.92786833,9.9525,32.179,2195
33HH20230508,HB2301,142,20230522,0:22:27,41.14810167,-68.92227833,9.5802,32.2773,2239
33HH20230508,HB2301,142,20230522,0:42:27,41.10564833,-68.91947667,9.6006,32.5692,2199
33HH20230508,HB2301,142,20230522,1:02:26,41.08622333,-68.954125,9.5492,32.6123,2213
33HH20230508,HB2301,142,20230522,1:22:26,41.10748667,-68.89864167,9.6707,32.3206,2197
33HH20230508,HB2301,142,20230522,1:42:26,41.09461167,-68.91518333,9.4954,32.3067,2205
33HH20230508,HB2301,142,20230522,2:02:25,41.11823667,-68.86321333,9.8203,32.2362,2197
33HH20230508,HB2301,142,20230522,2:22:26,41.14384833,-68.81827333,9.7779,32.4847,2214
33HH20230508,HB2301,142,20230522,2:42:25,41.16402167,-68.789845,9.6925,32.7098,2215
33HH20230508,HB2301,142,20230522,3:02:26,41.13069,-68.814825,9.8497,32.7561,2212
33HH20230508,HB2301,142,20230522,3:22:25,41.10910833,-68.78506,9.7544,32.7366,2215
33HH20230508,HB2301,142,20230522,3:42:25,41.09278833,-68.72623,9.7428,32.725,2228
33HH20230508,HB2301,142,20230522,4:02:25,41.07747833,-68.65975667,9.8358,32.8474,2208
33HH20230508,HB2301,142,20230522,4:22:24,41.04085167,-68.65923667,10.1089,32.9433,2221
33HH20230508,HB2301,142,20230522,4:42:24,41.04789,-68.6358,10.0574,32.8961,2248
33HH20230508,HB2301,142,20230522,5:02:25,41.04203667,-68.63747167,10.0883,32.9023,2221
33HH20230508,HB2301,142,20230522,5:22:25,41.03837,-68.59546833,9.9358,32.8185,2219
33HH20230508,HB2301,142,20230522,5:42:24,41.03437833,-68.63467667,10.1107,32.9271,2219
33HH20230508,HB2301,142,20230522,6:02:24,41.05010833,-68.67125167,10.0957,32.9655,2222
33HH20230508,HB2301,142,20230522,6:22:25,41.08605167,-68.70649333,9.8544,32.7988,2216
33HH20230508,HB2301,142,20230522,6:42:26,41.12030667,-68.74429833,9.7721,32.7519,2216
33HH20230508,HB2301,142,20230522,7:02:24,41.153595,-68.78318667,9.8653,32.7983,2241
33HH20230508,HB2301,142,20230522,7:22:25,41.18694,-68.822045,9.4672,32.5362,2211
33HH20230508,HB2301,142,20230522,7:42:25,41.21967,-68.86165333,9.4357,32.2347,2196
33HH20230508,HB2301,142,20230522,8:02:24,41.24482167,-68.90680167,10.4423,32.0507,2187
33HH20230508,HB2301,142,20230522,8:22:24,41.23408833,-68.96783833,10.4687,32.0325,2197
33HH20230508,HB2301,142,20230522,8:42:25,41.23192667,-68.98072667,10.4722,32.0237,2197
33HH20230508,HB2301,142,20230522,9:02:25,41.23354333,-68.98457333,10.4061,32.0279,2199
33HH20230508,HB2301,142,20230522,9:22:25,41.24086333,-68.983485,10.292,32.0301,2197
33HH20230508,HB2301,142,20230522,9:42:25,41.250245,-68.97795333,10.1664,32.0375,2195
33HH20230508,HB2301,142,20230522,10:02:25,41.26652333,-68.97064333,10.2848,32.0262,2195
33HH20230508,HB2301,142,20230522,10:22:23,41.279555,-68.96338833,10.3861,32.0051,2194
33HH20230508,HB2301,142,20230522,10:42:24,41.261265,-68.951295,10.2974,32.0328,2197
33HH20230508,HB2301,142,20230522,11:02:23,41.20336333,-68.93939167,10.4767,32.0282,2193
33HH20230508,HB2301,142,20230522,11:22:24,41.14756,-68.93641,9.8489,32.1562,2202
33HH20230508,HB2301,142,20230522,11:42:24,41.09366,-68.92516167,9.5002,32.3808,2220
33HH20230508,HB2301,142,20230522,12:02:23,41.08764833,-68.92305,9.4738,32.3414,2207
33HH20230508,HB2301,142,20230522,12:22:24,41.10119167,-68.905175,9.6551,32.2961,2192
33HH20230508,HB2301,142,20230522,12:42:25,41.11251167,-68.89286333,9.5654,32.3022,2193
33HH20230508,HB2301,142,20230522,13:02:23,41.107855,-68.85191167,9.8592,32.2699,2191
33HH20230508,HB2301,142,20230522,13:22:24,41.106545,-68.83746333,10.0091,32.2464,2191
33HH20230508,HB2301,142,20230522,13:42:23,41.12247333,-68.821195,9.905,32.4559,2193
33HH20230508,HB2301,142,20230522,14:02:23,41.13743167,-68.81076,9.8361,32.6422,2209
33HH20230508,HB2301,142,20230522,14:22:23,41.13598167,-68.78457167,9.7483,32.6145,2213
33HH20230508,HB2301,142,20230522,14:42:24,41.09975167,-68.73191,9.7425,32.7021,2204
33HH20230508,HB2301,142,20230522,15:02:25,41.06302333,-68.67924833,9.8907,32.7751,2207
33HH20230508,HB2301,142,20230522,15:22:23,41.05265,-68.63548333,10.1748,32.9073,2208
33HH20230508,HB2301,142,20230522,15:42:22,41.05276667,-68.636055,10.2155,32.9039,2215
33HH20230508,HB2301,142,20230522,16:02:23,41.06851333,-68.63595167,10.2167,32.9092,2216
33HH20230508,HB2301,142,20230522,16:22:24,41.066315,-68.633515,10.2476,32.9054,2213
33HH20230508,HB2301,142,20230522,16:42:23,41.06443,-68.63111333,10.2524,32.8991,2212
