Date,Steps,Distance,Floors Ascended
4/9/2024,6615,2.5,15
4/8/2024,7823,3.4,18
4/7/2024,7305,3.3,2
4/6/2024,2708,1.1,1
4/5/2024,2732,1.2,1
4/4/2024,11073,4.5,19
4/3/2024,2417,0.9,2
4/2/2024,10198,3.8,21
4/1/2024,10258,3.8,17
3/31/2024,862,0.3,1
3/30/2024,19046,6.8,4
3/29/2024,14766,5.4,2
3/28/2024,13409,4.8,4
3/27/2024,13160,5.1,2
3/26/2024,8968,3.2,7
3/25/2024,11208,5.1,21
3/24/2024,10021,4.6,2
3/23/2024,409,0.1,0
3/22/2024,3838,1.6,3
3/21/2024,11068,4.1,25
3/20/2024,4523,1.7,2
3/19/2024,10217,4.4,25
3/18/2024,10538,3.9,19
3/17/2024,8741,4.1,1
3/16/2024,2374,0.9,2
3/15/2024,2576,1,3
3/14/2024,11813,4.7,19
3/13/2024,4674,1.9,2
3/12/2024,11511,4.6,19
3/11/2024,11530,4.2,21
3/10/2024,7397,3.5,1
3/9/2024,1068,0.4,1
3/8/2024,1309,0.6,1
3/7/2024,8915,4.9,16
3/6/2024,6446,3.2,4
3/5/2024,8128,4,14
3/4/2024,10666,5.3,17
3/3/2024,1752,0.8,3
3/2/2024,3531,1.8,4
3/1/2024,8410,4.2,2
2/29/2024,10537,5.7,19
2/28/2024,4891,2.6,2
2/27/2024,12922,6.1,21
2/26/2024,11305,5.6,18
2/25/2024,10576,5.3,1
2/24/2024,1253,0.6,1
2/23/2024,5473,2.8,2
2/22/2024,7098,3.6,11
2/21/2024,4848,2.6,4
2/20/2024,10726,5.5,20
2/19/2024,2170,1.1,4
2/18/2024,572,0.3,1
2/17/2024,3746,2,4
2/16/2024,10468,5.3,2
2/15/2024,10472,5.4,19
2/14/2024,7053,3.6,4
2/13/2024,1831,1,1
2/12/2024,10627,5.2,16
2/11/2024,7887,3.8,3
2/10/2024,8322,4.2,2
2/9/2024,2222,1.2,2
2/8/2024,10672,5.6,17
2/7/2024,8412,4.2,1
2/6/2024,9241,4.6,17
2/5/2024,11178,5.4,12
2/4/2024,10405,5.1,3
2/3/2024,7002,3.5,2
2/2/2024,9002,4.5,1
2/1/2024,12728,6.1,20
1/31/2024,8232,4.2,3
1/30/2024,12116,6.4,19
1/29/2024,9499,4.7,12
1/28/2024,876,0.5,1
1/27/2024,951,0.5,1
1/26/2024,5438,2.7,1
1/25/2024,8480,4.6,18
1/24/2024,1982,1,1
1/23/2024,8569,4.6,17
1/22/2024,7387,3.7,13
1/21/2024,2863,1.4,2
1/20/2024,1109,0.6,1
1/19/2024,1182,0.6,1
1/18/2024,9424,4.6,16
1/17/2024,6640,3.3,13
1/16/2024,6202,3,9
1/15/2024,967,0.5,1
1/14/2024,2450,1.1,1
1/13/2024,1012,0.5,1
1/12/2024,1565,0.8,1
1/11/2024,7837,4,11
1/10/2024,1029,0.5,1
1/9/2024,6303,3.2,14
1/8/2024,7882,3.9,14
1/7/2024,5057,2.5,1
1/6/2024,1701,0.8,0
1/5/2024,3350,1.7,2
1/4/2024,10333,4.9,9
1/3/2024,2890,1.4,1
1/2/2024,2411,1.2,1
1/1/2024,2414,1.3,5
12/31/2023,4010,2,4
12/30/2023,7701,3.8,2
12/29/2023,7158,3.4,2
12/28/2023,10663,5.2,5
12/27/2023,8669,4.2,13
12/26/2023,848,0.4,7
12/25/2023,1427,0.7,2
12/24/2023,1436,0.7,1
12/23/2023,5456,3.1,0
12/22/2023,603,0.3,0
12/21/2023,820,0.4,0
12/20/2023,5930,2.9,1
12/19/2023,395,0.2,0
12/18/2023,4722,2.3,1
12/17/2023,1038,0.5,2
12/16/2023,5438,2.7,2
12/15/2023,446,0.2,0
12/14/2023,2255,1.2,3
12/13/2023,5316,2.8,8
12/12/2023,5714,2.9,2
12/11/2023,7342,3.7,13
12/10/2023,3022,1.5,1
12/9/2023,2088,1,1
12/8/2023,5471,2.7,1
12/7/2023,1358,0.7,2
12/6/2023,2785,1.4,2
12/5/2023,8524,4.3,15
12/4/2023,9455,4.8,15
12/3/2023,374,0.2,0
12/2/2023,1050,0.5,1
12/1/2023,349,0.2,0
11/30/2023,8376,4.2,15
11/29/2023,2119,1.1,1
11/28/2023,8156,4.2,15
11/27/2023,8045,4.1,14
11/26/2023,590,0.3,1
11/25/2023,8313,4.1,5
11/24/2023,2391,1.2,2
11/23/2023,381,0.2,3
11/22/2023,3330,1.6,3
11/21/2023,336,0.2,0
11/20/2023,5922,2.8,2
11/19/2023,9370,4.4,2
11/18/2023,6512,3.1,2
11/17/2023,5322,2.7,1
11/16/2023,9768,5.4,15
11/15/2023,887,0.5,1
11/14/2023,8968,4.5,11
11/13/2023,9102,4.6,15
11/12/2023,2250,1.1,1
11/11/2023,842,0.4,1
11/10/2023,1952,1,2
11/9/2023,8977,4.9,13
11/8/2023,9875,5,12
11/7/2023,10509,5.2,13
11/6/2023,9157,4.5,13
11/5/2023,8350,4.4,2
11/4/2023,1333,0.7,3
11/3/2023,2229,1.1,3
11/2/2023,8263,4.5,16
11/1/2023,5737,2.9,9
10/31/2023,6719,3.3,4
10/30/2023,9016,4.3,12
10/29/2023,1019,0.5,3
10/28/2023,1337,0.7,3
10/27/2023,1648,0.9,2
10/26/2023,6345,3.4,14
10/25/2023,974,0.5,0
10/24/2023,6793,3.4,12
10/23/2023,8049,4.4,12
10/22/2023,2426,1.2,0
10/21/2023,1179,0.6,2
10/20/2023,2222,1.2,1
10/19/2023,8271,4.4,15
10/18/2023,2036,1,1
10/17/2023,7114,3.6,14
10/16/2023,7324,3.6,14
10/15/2023,3018,1.4,1
10/14/2023,795,0.4,1
10/13/2023,1599,0.8,2
10/12/2023,8356,4.5,12
10/11/2023,1651,0.9,1
10/10/2023,6575,3.1,11
10/9/2023,6572,3.4,12
10/8/2023,2858,1.5,2
10/7/2023,905,0.5,1
10/6/2023,1408,0.7,1
10/5/2023,6135,3.4,11
10/4/2023,1942,1,2
10/3/2023,3803,2.1,6
10/2/2023,6481,3.3,12
10/1/2023,306,0.2,0
9/30/2023,1177,0.6,1
9/29/2023,2734,1.3,1
9/28/2023,7590,4.2,13
9/27/2023,1756,0.9,1
9/26/2023,5331,2.7,9
9/25/2023,6590,3.3,11
9/24/2023,253,0.1,0
9/23/2023,1841,1,1
9/22/2023,576,0.3,1
9/21/2023,8633,4.7,14
9/20/2023,942,0.5,1
9/19/2023,8643,4.6,11
9/18/2023,6745,3.4,11
9/17/2023,708,0.4,1
9/16/2023,814,0.4,1
9/15/2023,1486,0.8,3
9/14/2023,7897,4.3,11
9/13/2023,1283,0.7,1
9/12/2023,10223,5,14
9/11/2023,6722,3.4,11
9/10/2023,577,0.3,0
9/9/2023,817,0.4,1
9/8/2023,948,0.5,1
9/7/2023,954,0.5,1
9/6/2023,270,0.1,0
9/5/2023,6446,3.1,12
9/4/2023,733,0.4,1
9/3/2023,2710,1.4,0
9/2/2023,748,0.4,1
9/1/2023,2269,1.2,1
8/31/2023,10185,5.5,11
8/30/2023,1231,0.6,1
8/29/2023,5116,2.5,6
8/28/2023,10160,5,10
8/27/2023,2316,1.2,1
8/26/2023,3247,1.7,2
8/25/2023,1161,0.6,1
8/24/2023,7123,3.9,14
8/23/2023,1525,0.8,1
8/22/2023,8081,3.9,12
8/21/2023,8676,4.2,13
8/20/2023,7206,3.5,1
8/19/2023,1014,0.5,1
8/18/2023,2100,1.1,1
8/17/2023,7616,4.1,11
8/16/2023,1292,0.7,1
8/15/2023,8770,4.3,13
8/14/2023,6208,3.1,11
8/13/2023,2277,1.1,1
8/12/2023,1039,0.5,1
8/11/2023,859,0.4,1
8/10/2023,2938,1.6,3
8/9/2023,649,0.3,1
8/8/2023,9565,4.7,12
8/7/2023,7625,3.8,13
8/6/2023,3074,1.5,1
8/5/2023,1069,0.5,1
8/4/2023,2396,1.2,2
8/3/2023,3423,1.7,4
8/2/2023,6537,3.5,13
8/1/2023,1079,0.5,1
7/31/2023,5407,3,10
7/30/2023,7751,3.8,1
7/29/2023,12633,6.2,14
7/28/2023,7082,3.4,6
7/27/2023,3009,1.4,2
7/26/2023,6244,3,3
7/25/2023,7391,3.9,11
7/24/2023,7738,3.9,10
7/23/2023,9911,4.8,3
7/22/2023,970,0.5,0
7/21/2023,5488,2.7,3
7/20/2023,5230,2.6,7
7/19/2023,856,0.4,1
7/18/2023,6645,3.5,10
7/17/2023,5992,3.3,11
7/16/2023,2130,1,2
7/15/2023,976,0.5,1
7/14/2023,973,0.5,1
7/13/2023,5560,2.8,12
7/12/2023,811,0.4,1
7/11/2023,6240,3.3,13
7/10/2023,5840,3.1,11
7/9/2023,3340,1.7,1
7/8/2023,1603,0.8,3
7/7/2023,509,0.3,0
7/6/2023,6065,2.9,9
7/5/2023,6455,3.4,10
7/4/2023,1051,0.5,1
7/3/2023,461,0.2,0
7/2/2023,4738,2.4,3
7/1/2023,800,0.4,1
6/30/2023,294,0.2,0
6/29/2023,6435,3.3,12
6/28/2023,950,0.5,1
6/27/2023,6754,3.3,8
6/26/2023,8259,4.2,10
6/25/2023,2632,1.3,1
6/24/2023,807,0.4,1
6/23/2023,2179,1.1,1
6/22/2023,7716,3.8,12
6/21/2023,2875,1.4,2
6/20/2023,3330,1.7,6
6/19/2023,2715,1.3,1
6/18/2023,2514,1.3,2
6/17/2023,1654,0.8,4
6/16/2023,644,0.3,2
6/15/2023,4576,2.2,5
6/14/2023,3135,1.6,14
6/13/2023,1198,0.6,0
6/12/2023,1041,0.5,0
6/11/2023,2009,1,0
6/10/2023,4828,2.4,0
6/9/2023,2254,1.1,1
6/8/2023,3794,1.8,1
6/7/2023,1078,0.5,0
6/6/2023,736,0.4,0
6/5/2023,5398,2.7,0
6/4/2023,5128,2.4,1
6/3/2023,1712,0.8,0
6/2/2023,5085,2.5,7
6/1/2023,4948,2.4,3
5/31/2023,2808,1.4,3
5/30/2023,10193,4.8,12
5/29/2023,662,0.3,1
5/28/2023,4084,2,2
5/27/2023,788,0.4,1
5/26/2023,5369,2.7,1
5/25/2023,7384,3.8,7
5/24/2023,606,0.3,1
5/23/2023,9148,4.4,13
5/22/2023,9919,4.8,13
5/21/2023,3995,2,5
5/20/2023,904,0.5,1
5/19/2023,5150,2.5,1
5/18/2023,5490,2.9,10
5/17/2023,135,0.1,0
5/16/2023,9184,4.6,12
5/15/2023,8787,4.3,12
5/14/2023,2931,1.5,1
5/13/2023,610,0.3,1
5/12/2023,5307,2.5,1
5/11/2023,6303,3.2,7
5/10/2023,6073,3.2,4
5/9/2023,8346,4.3,7
5/8/2023,9506,4.9,10
5/7/2023,8084,4,2
5/6/2023,934,0.5,1
5/5/2023,1190,0.6,2
5/4/2023,2213,1.1,4
5/3/2023,8164,4.3,11
5/2/2023,6585,3.5,7
5/1/2023,6816,3.4,16
4/30/2023,2736,1.3,0
4/29/2023,1044,0.5,1
4/28/2023,6342,3.2,5
4/27/2023,8087,4.1,12
4/26/2023,1215,0.6,1
4/25/2023,8488,4.3,10
4/24/2023,8894,4.6,14
4/23/2023,2987,1.5,2
4/22/2023,930,0.5,2
4/21/2023,6816,3.4,2
4/20/2023,6490,3.4,9
4/19/2023,1029,0.5,1
4/18/2023,6850,3.4,13
4/17/2023,6265,3.1,8
4/16/2023,10318,5.1,2
4/15/2023,1342,0.7,1
4/14/2023,1049,0.6,1
4/13/2023,6797,3.6,7
4/12/2023,1374,0.7,1
4/11/2023,7796,4.1,8
4/10/2023,7701,4.1,7
4/9/2023,8525,4.4,2
4/8/2023,3575,1.9,2
4/7/2023,758,0.4,0
4/6/2023,8037,4.1,8
4/5/2023,2007,1,2
4/4/2023,8059,4.2,13
4/3/2023,8536,4.4,11
4/2/2023,2844,1.4,3
4/1/2023,1299,0.7,1
3/31/2023,1925,1,2
3/30/2023,6723,3.4,7
3/29/2023,8911,4.4,12
3/28/2023,7293,3.6,10
3/27/2023,8611,4.5,9
3/26/2023,3147,1.7,1
3/25/2023,951,0.5,1
3/24/2023,6232,3.1,1
3/23/2023,7726,4.1,11
3/22/2023,6531,3.3,2
3/21/2023,8111,4.2,13
3/20/2023,8409,4.4,13
3/19/2023,10066,5.1,6
3/18/2023,1171,0.6,1
3/17/2023,6244,3.1,3
3/16/2023,7634,3.8,10
3/15/2023,863,0.4,1
3/14/2023,8240,4.1,14
3/13/2023,8305,4.1,11
3/12/2023,9819,4.8,2
3/11/2023,1211,0.6,2
3/10/2023,6976,3.5,1
3/9/2023,8184,4,9
3/8/2023,7750,3.9,8
3/7/2023,8544,4,12
3/6/2023,7317,3.6,11
3/5/2023,11246,5.6,2
3/4/2023,3491,1.7,5
3/3/2023,1621,0.8,1
3/2/2023,9066,4.6,5
3/1/2023,1461,0.7,1
2/28/2023,4654,2.4,6
2/27/2023,5253,2.7,2
2/26/2023,9587,4.9,3
2/25/2023,1184,0.6,1
2/24/2023,5035,2.5,2
2/23/2023,8516,4,7
2/22/2023,7983,3.9,9
2/21/2023,7813,4,9
2/20/2023,5524,2.8,1
2/19/2023,11791,5.9,6
2/18/2023,1389,0.7,1
2/17/2023,3085,1.6,1
2/16/2023,1101,0.6,0
2/15/2023,5648,3,3
2/14/2023,5133,2.8,1
2/13/2023,6037,3.1,3
2/12/2023,8852,4.4,1
2/11/2023,3588,1.8,2
2/10/2023,1573,0.8,1
2/9/2023,8137,4.1,10
2/8/2023,7501,3.7,5
2/7/2023,6209,3.1,5
2/6/2023,4887,2.5,3
2/5/2023,10774,5.5,2
2/4/2023,408,0.2,0
2/3/2023,319,0.2,0
2/2/2023,8078,4.1,9
2/1/2023,5956,3,3
1/31/2023,6567,3.4,8
1/30/2023,5377,2.8,2
1/29/2023,10174,5.1,1
1/28/2023,1431,0.7,1
1/27/2023,6544,3.2,1
1/26/2023,7555,3.7,10
1/25/2023,6764,3.4,5
1/24/2023,5793,3,6
1/23/2023,1915,1,1
1/22/2023,7694,3.5,0
1/21/2023,7444,3.6,1
1/20/2023,272,0.2,0
1/19/2023,8094,4.2,7
1/18/2023,6128,3,6
1/17/2023,6007,3.1,7
1/16/2023,4493,2.3,2
1/15/2023,8672,4.4,1
1/14/2023,1095,0.6,2
1/13/2023,4179,2.2,2
1/12/2023,4888,2.5,9
1/11/2023,5556,2.7,6
1/10/2023,4355,2.3,7
1/9/2023,6459,3.2,11
1/8/2023,3875,1.9,4
1/7/2023,2068,1,0
1/6/2023,1250,0.6,0
1/5/2023,892,0.4,1
1/4/2023,1827,0.9,2
1/3/2023,1220,0.6,0
1/2/2023,2441,1.2,0
1/1/2023,285,0.2,0
12/31/2022,2873,1.5,2
12/30/2022,1085,0.5,1
12/29/2022,7140,3.3,2
12/28/2022,1511,0.8,0
12/27/2022,1757,0.8,0
12/26/2022,3877,1.9,0
12/25/2022,316,0.2,0
12/24/2022,467,0.2,0
12/23/2022,1513,0.8,0
12/22/2022,1327,0.7,4
12/21/2022,2823,1.4,6
12/20/2022,6090,2.9,3
12/19/2022,2046,1,1
12/18/2022,4831,2.4,2
12/17/2022,1625,0.8,2
12/16/2022,164,0.1,0
12/15/2022,267,0.1,0
12/14/2022,5537,2.8,2
12/13/2022,4251,2.3,1
12/12/2022,7614,3.7,10
12/11/2022,1772,0.9,1
12/10/2022,1097,0.6,1
12/9/2022,3346,1.9,0
12/8/2022,5138,2.8,2
12/7/2022,4748,2.4,6
12/6/2022,5512,2.7,6
12/5/2022,3228,1.6,5
12/4/2022,7530,4,5
12/3/2022,878,0.5,1
12/2/2022,3968,2.2,1
12/1/2022,4753,2.4,8
11/30/2022,3440,1.8,7
11/29/2022,3817,1.9,7
11/28/2022,742,0.4,1
11/27/2022,2006,1,1
11/26/2022,952,0.5,1
11/25/2022,884,0.4,2
11/24/2022,253,0.1,0
11/23/2022,1264,0.6,2
11/22/2022,2802,1.4,2
11/21/2022,4971,2.4,4
11/20/2022,3556,1.8,3
11/19/2022,560,0.3,1
11/18/2022,4314,2.3,2
11/17/2022,2792,1.4,3
11/16/2022,3498,1.8,7
11/15/2022,4394,2.2,3
11/14/2022,5023,2.8,4
11/13/2022,7372,3.8,2
11/12/2022,711,0.4,1
11/11/2022,313,0.2,0
11/10/2022,5756,3.1,2
11/9/2022,4642,2.5,2
11/8/2022,4271,2.3,1
11/7/2022,3923,2.1,1
11/6/2022,6104,3.3,2
11/5/2022,2839,1.4,3
11/4/2022,3771,2.1,1
11/3/2022,3679,2,1
11/2/2022,5086,2.6,8
11/1/2022,5113,2.7,2
10/31/2022,2644,1.4,2
10/30/2022,2597,1.3,2
10/29/2022,6411,3.5,2
10/28/2022,4101,2.2,1
10/27/2022,3944,2.2,0
10/26/2022,2742,1.3,4
10/25/2022,2641,1.3,4
10/24/2022,299,0.2,0
10/23/2022,2738,1.3,0
10/22/2022,345,0.2,0
10/21/2022,342,0.2,0
10/20/2022,238,0.1,0
10/19/2022,2517,1.3,3
10/18/2022,193,0.1,0
10/17/2022,789,0.4,0
10/16/2022,1846,0.9,0
10/15/2022,1367,0.7,2
10/14/2022,785,0.4,1
10/13/2022,3672,1.8,4
10/12/2022,4827,2.4,3
10/11/2022,2854,1.5,5
10/10/2022,4503,2.3,8
10/9/2022,2170,1.1,2
10/8/2022,776,0.4,1
10/7/2022,2065,1,1
10/6/2022,2214,1.2,2
10/5/2022,5474,2.7,2
10/4/2022,2756,1.4,1
10/3/2022,5308,2.6,8
10/2/2022,2186,1,1
10/1/2022,686,0.3,0
9/30/2022,368,0.2,0
9/29/2022,4484,2.2,6
9/28/2022,4363,2.2,5
9/27/2022,1711,0.9,1
9/26/2022,4605,2.4,6
9/25/2022,2258,1.1,0
9/24/2022,841,0.5,1
9/23/2022,3929,1.9,6
9/22/2022,3140,1.5,5
9/21/2022,3582,1.7,7
9/20/2022,3029,1.5,1
9/19/2022,3009,1.5,6
9/18/2022,2608,1.3,1
9/17/2022,923,0.5,2
9/16/2022,856,0.4,0
9/15/2022,5220,2.6,9
9/14/2022,3517,1.7,5
9/13/2022,3952,1.9,6
9/12/2022,4460,2.3,4
9/11/2022,1730,1,0
9/10/2022,844,0.4,1
9/9/2022,1485,0.8,1
9/8/2022,3810,1.9,8
9/7/2022,4882,2.4,7
9/6/2022,3087,1.5,7
9/5/2022,880,0.5,1
9/4/2022,2325,1.1,1
9/3/2022,1872,1,2
9/2/2022,1767,0.9,1
9/1/2022,2096,1.1,2
8/31/2022,4883,2.4,4
8/30/2022,4418,2.2,6
8/29/2022,3857,1.9,7
8/28/2022,2659,1.4,1
8/27/2022,1254,0.7,2
8/26/2022,534,0.3,0
8/25/2022,3566,1.8,4
8/24/2022,5603,2.7,6
8/23/2022,4552,2.2,4
8/22/2022,4446,2.2,6
8/21/2022,7125,3.4,3
8/20/2022,1120,0.6,2
8/19/2022,266,0.1,0
8/18/2022,5198,2.5,2
8/17/2022,9391,4.6,8
8/16/2022,3367,1.6,4
8/15/2022,7888,3.8,5
8/14/2022,2574,1.3,1
8/13/2022,1123,0.6,1
8/12/2022,4137,2.1,3
8/11/2022,3627,1.8,6
8/10/2022,3418,1.7,2
8/9/2022,8299,4,8
8/8/2022,8125,3.9,7
8/7/2022,2736,1.4,1
8/6/2022,898,0.5,1
8/5/2022,4857,2.5,3
8/4/2022,5167,2.5,3
8/3/2022,8309,4,7
8/2/2022,7474,3.6,5
8/1/2022,2792,1.4,1
7/31/2022,6677,3.4,3
7/30/2022,991,0.5,1
7/29/2022,1104,0.6,1
7/28/2022,1014,0.5,2
7/27/2022,3988,2,6
7/26/2022,7361,3.5,6
7/25/2022,8254,4,6
7/24/2022,271,0.1,0
7/23/2022,3316,1.6,2
7/22/2022,2723,1.4,4
7/21/2022,9339,4.4,8
7/20/2022,3499,1.8,5
7/19/2022,8279,4,8
7/18/2022,1649,0.9,2
7/17/2022,111,0.1,0
7/16/2022,3105,1.5,1
7/15/2022,111,0.1,0
7/14/2022,5274,2.5,1
7/13/2022,893,0.5,1
7/12/2022,4856,2.3,2
7/11/2022,4688,2.3,2
7/10/2022,369,0.2,0
7/9/2022,4220,1.9,1
7/8/2022,4596,2.3,1
7/7/2022,3669,1.8,1
7/6/2022,7333,3.6,8
7/5/2022,8653,4.2,11
7/4/2022,3956,2.1,3
7/3/2022,7675,3.8,1
7/2/2022,1067,0.5,3
7/1/2022,8485,4.1,11
6/30/2022,7573,3.6,6
6/29/2022,3411,1.7,6
6/28/2022,6180,3,5
6/27/2022,7487,3.7,12
6/26/2022,8154,4,2
6/25/2022,743,0.4,1
6/24/2022,8651,4.2,8
6/23/2022,3864,1.9,6
6/22/2022,9496,4.8,8
6/21/2022,3485,1.8,8
6/20/2022,6134,3,4
6/19/2022,3493,1.8,2
6/18/2022,1241,0.6,3
6/17/2022,4348,2.1,1
6/16/2022,4754,2.2,2
6/15/2022,8030,4,11
6/14/2022,6598,3.1,2
6/13/2022,7223,3.6,3
6/12/2022,3592,1.8,1
6/11/2022,1249,0.6,1
6/10/2022,4365,2,0
6/9/2022,985,0.5,1
6/8/2022,5056,2.5,2
6/7/2022,7155,3.5,8
6/6/2022,4670,2.3,2
6/5/2022,3791,1.9,4
6/4/2022,4022,2,0
6/3/2022,372,0.2,1
6/2/2022,2163,1,2
6/1/2022,4350,2.2,2
5/31/2022,900,0.5,0
5/30/2022,4988,2.4,6
5/29/2022,789,0.4,0
5/28/2022,9080,4.4,4
5/27/2022,3302,1.5,0
5/26/2022,1658,0.8,0
5/25/2022,1292,0.6,1
5/24/2022,273,0.2,0
5/23/2022,432,0.2,0
5/22/2022,1474,0.7,0
5/21/2022,1321,0.7,2
5/20/2022,2684,1.3,0
5/19/2022,522,0.3,0
5/18/2022,3406,1.7,7
5/17/2022,1672,0.8,1
5/16/2022,5350,2.6,1
5/15/2022,2172,1.1,1
5/14/2022,1999,1,2
5/13/2022,225,0.1,0
5/12/2022,836,0.4,1
5/11/2022,973,0.5,2
5/10/2022,2675,1.3,7
5/9/2022,999,0.5,0
5/8/2022,1362,0.7,1
5/7/2022,802,0.4,1
5/6/2022,286,0.2,0
5/5/2022,4532,2.1,1
5/4/2022,3430,1.8,6
5/3/2022,5438,2.6,4
5/2/2022,3813,2,5
5/1/2022,1871,0.9,4
4/30/2022,869,0.4,1
4/29/2022,5763,2.7,2
4/28/2022,365,0.2,0
4/27/2022,5573,2.6,6
4/26/2022,5822,2.9,9
4/25/2022,5092,2.4,2
4/24/2022,800,0.4,1
4/23/2022,1688,0.8,1
4/22/2022,4939,2.3,2
4/21/2022,317,0.2,0
4/20/2022,7971,3.9,6
4/19/2022,7529,3.8,12
4/18/2022,5613,2.6,2
4/17/2022,314,0.2,0
4/16/2022,2578,1.3,2
4/15/2022,5432,2.6,2
4/14/2022,594,0.3,1
4/13/2022,9956,4.8,5
4/12/2022,6858,3.4,9
4/11/2022,5336,2.5,3
4/10/2022,7453,3.4,2
4/9/2022,5231,2.2,1
4/8/2022,5239,2.2,2
4/7/2022,4191,1.7,0
4/6/2022,3996,2.1,1
4/5/2022,8848,4.1,7
4/4/2022,5187,2.2,0
4/3/2022,1885,1,0
4/2/2022,4870,1.8,0
4/1/2022,354,0.2,0
3/31/2022,498,0.3,0
3/30/2022,6750,3.3,5
3/29/2022,7281,3.7,12
3/28/2022,5201,2.5,2
3/27/2022,5588,2.6,2
3/26/2022,6860,3.3,3
3/25/2022,3764,1.9,0
3/24/2022,139,0.1,0
3/23/2022,7258,3.6,6
3/22/2022,6678,3.4,8
3/21/2022,3959,2,2
3/20/2022,7141,3.5,2
3/19/2022,5350,2.7,3
3/18/2022,6134,3.1,3
3/17/2022,119,0.1,0
3/16/2022,5850,2.9,7
3/15/2022,6733,3.3,8
3/14/2022,4668,2.4,2
3/13/2022,1852,0.9,1
3/12/2022,213,0.1,0
3/11/2022,1019,0.5,2
3/10/2022,67,0,0
3/9/2022,212,0.1,0
3/8/2022,3442,1.7,11
3/7/2022,173,0.1,0
3/6/2022,1889,0.9,1
3/5/2022,183,0.1,0
3/4/2022,551,0.3,1
3/3/2022,178,0.1,0
3/2/2022,4483,2.2,7
3/1/2022,3400,1.7,7
2/28/2022,130,0.1,0
2/27/2022,2411,1.2,3
2/26/2022,2128,1.1,2
2/25/2022,399,0.2,0
2/24/2022,550,0.3,1
2/23/2022,2895,1.5,5
2/22/2022,3278,1.7,6
2/21/2022,234,0.1,0
2/20/2022,1550,0.8,1
2/19/2022,511,0.3,1
2/18/2022,1145,0.6,1
2/17/2022,410,0.2,1
2/16/2022,4638,2.3,6
2/15/2022,5477,2.7,10
2/14/2022,1123,0.6,1
2/13/2022,107,0.1,0
2/12/2022,293,0.1,0
2/11/2022,2200,1.1,2
2/10/2022,219,0.1,0
2/9/2022,3487,1.8,7
2/8/2022,3712,1.9,10
2/7/2022,148,0.1,0
2/6/2022,254,0.1,0
2/5/2022,2108,1,3
2/4/2022,288,0.2,0
2/3/2022,300,0.2,0
2/2/2022,3731,1.9,5
2/1/2022,3935,2,10
1/31/2022,4236,2.1,4
1/30/2022,2408,1.2,1
1/29/2022,2208,1.1,0
1/28/2022,2587,1.3,0
1/27/2022,353,0.2,0
1/26/2022,819,0.4,0
1/25/2022,418,0.2,0
1/24/2022,295,0.1,0
1/23/2022,1294,0.7,0
1/22/2022,2163,1.1,0
1/21/2022,3826,1.9,2
1/20/2022,528,0.3,0
1/19/2022,4222,1.9,3
1/18/2022,400,0.2,0
1/17/2022,2008,0.9,0
1/16/2022,4422,2.3,0
1/15/2022,1735,0.9,2
1/14/2022,397,0.2,0
1/13/2022,3304,1.6,0
1/12/2022,3331,1.6,0
1/11/2022,284,0.1,0
1/10/2022,574,0.3,0
1/9/2022,769,0.4,0
1/8/2022,191,0.1,0
1/7/2022,1654,0.9,0
1/6/2022,1235,0.6,1
1/5/2022,1165,0.6,0
1/4/2022,450,0.2,0
1/3/2022,403,0.2,0
1/2/2022,5834,3.1,0
1/1/2022,563,0.3,0
12/31/2021,3005,1.4,0
12/30/2021,962,0.5,0
12/29/2021,8542,4.3,2
12/28/2021,1601,0.8,1
12/27/2021,4673,2.3,0
12/26/2021,3879,1.9,0
12/25/2021,1813,0.9,0
12/24/2021,6075,3,2
12/23/2021,1332,0.7,0
12/22/2021,3830,2,0
12/21/2021,3341,1.8,0
12/20/2021,4432,2.3,0
12/19/2021,3059,1.6,1
12/18/2021,5846,2.9,4
12/17/2021,8488,4.2,6
12/16/2021,5817,2.9,0
12/15/2021,5408,2.7,3
12/14/2021,4402,2.2,2
12/13/2021,4387,2.2,2
12/12/2021,2006,1,1
12/11/2021,542,0.3,0
12/10/2021,5629,2.9,3
12/9/2021,4622,2.2,2
12/8/2021,6055,2.9,2
12/7/2021,3923,1.8,1
12/6/2021,2566,1.3,4
12/5/2021,865,0.4,1
12/4/2021,6227,3.2,1
12/3/2021,5372,2.7,0
12/2/2021,5812,2.9,2
12/1/2021,7605,3.8,1
11/30/2021,10163,5.1,9
11/29/2021,7190,3.6,3
11/28/2021,5329,2.7,5
11/27/2021,4975,2.6,5
11/26/2021,195,0.1,2
11/25/2021,326,0.2,2
11/24/2021,7487,3.8,5
11/23/2021,8666,4.3,4
11/22/2021,1408,0.7,1
11/21/2021,2803,1.5,2
11/20/2021,6027,3,1
11/19/2021,7060,3.6,2
11/18/2021,5494,2.8,2
11/17/2021,10240,5.1,4
11/16/2021,9535,5,10
11/15/2021,2823,2.4,1
11/14/2021,2686,2.4,1
11/13/2021,5605,2.7,1
11/12/2021,2450,1.2,0
11/11/2021,5770,2.8,1
11/10/2021,9565,4.9,7
11/9/2021,11802,5.9,12
11/8/2021,6631,3.4,3
11/7/2021,2617,1.3,1
11/6/2021,6000,2.9,0
11/5/2021,6097,3,2
11/4/2021,4420,2.1,2
11/3/2021,5952,2.9,9
11/2/2021,7530,3.7,11
11/1/2021,6448,3.2,3
10/31/2021,1401,0.7,3
10/30/2021,6695,3.4,2
10/29/2021,6475,3.2,3
10/28/2021,5992,3,6
10/27/2021,6242,3.1,6
10/26/2021,818,0.4,1
10/25/2021,4071,2,1
10/24/2021,1916,1,0
10/23/2021,5992,2.9,1
10/22/2021,3994,2,1
10/21/2021,3663,1.8,2
10/20/2021,3509,1.8,3
10/19/2021,8291,4,13
10/18/2021,3983,2,1
10/17/2021,539,0.3,1
10/16/2021,6178,3.2,1
10/15/2021,4774,2.3,1
10/14/2021,3622,1.7,2
10/13/2021,3427,1.7,2
10/12/2021,3551,1.7,2
10/11/2021,3462,1.7,2
10/10/2021,706,0.3,0
10/9/2021,5592,2.9,4
10/8/2021,6818,3.4,3
10/7/2021,4239,2.1,2
10/6/2021,3548,1.8,2
10/5/2021,3901,1.9,1
10/4/2021,3906,1.8,1
10/3/2021,597,0.3,1
10/2/2021,10107,4.7,2
10/1/2021,8012,3.9,2
9/30/2021,4241,2,0
9/29/2021,4213,2.1,0
9/28/2021,3982,2,2
9/27/2021,6115,3,2
9/26/2021,9616,4.7,0
9/25/2021,7371,3.7,2
9/24/2021,4679,2.2,2
9/23/2021,1997,1,2
9/22/2021,7859,3.8,6
9/21/2021,4062,2,2
9/20/2021,4709,2.4,3
9/19/2021,997,0.5,1
9/18/2021,6093,3,1
9/17/2021,1338,0.7,2
9/16/2021,3740,1.7,0
9/15/2021,1506,0.8,2
9/14/2021,4047,1.9,1
9/13/2021,3830,1.8,2
9/12/2021,2291,1.1,1
9/11/2021,3849,2,6
9/10/2021,4191,2,1
9/9/2021,919,0.5,1
9/8/2021,3650,1.7,1
9/7/2021,4016,1.9,1
9/6/2021,5634,2.7,2
9/5/2021,1868,1,1
9/4/2021,4895,2.3,1
9/3/2021,5028,2.4,1
9/2/2021,5307,2.6,2
9/1/2021,755,0.3,1
8/31/2021,3975,1.8,2
8/30/2021,5461,2.5,3
8/29/2021,1122,0.6,1
8/28/2021,4734,2.2,0
8/27/2021,4493,2.1,1
8/26/2021,3882,1.8,0
8/25/2021,4344,2,3
8/24/2021,5859,2.8,6
8/23/2021,833,0.4,1
8/22/2021,2688,1.3,3
8/21/2021,177,0.1,0
8/20/2021,4557,2.1,0
8/19/2021,3962,1.8,2
8/18/2021,1085,0.6,1
8/17/2021,4121,1.9,1
8/16/2021,4068,1.9,2
8/15/2021,708,0.4,1
8/14/2021,5543,2.6,1
8/13/2021,4386,2.1,2
8/12/2021,3509,1.7,2
8/11/2021,3794,1.8,2
8/10/2021,699,0.3,1
8/9/2021,2666,1.3,3
8/8/2021,898,0.5,1
8/7/2021,5746,2.7,2
8/6/2021,4982,2.4,1
8/5/2021,5335,2.6,4
8/4/2021,3954,1.9,2
8/3/2021,3998,2,11
8/2/2021,796,0.4,1
8/1/2021,1910,1,3
7/31/2021,4530,2.2,1
7/30/2021,202,0.1,0
7/29/2021,1156,0.6,2
7/28/2021,878,0.4,2
7/27/2021,395,0.2,1
7/26/2021,4884,2.3,1
7/25/2021,2184,1.1,2
7/24/2021,218,0.1,0
7/23/2021,982,0.5,2
7/22/2021,988,0.5,2
7/21/2021,1084,0.6,2
7/20/2021,2196,1.1,2
7/19/2021,5022,2.5,2
7/18/2021,707,0.4,0
7/17/2021,618,0.3,0
7/16/2021,1404,0.7,2
7/15/2021,476,0.2,0
7/14/2021,4642,2.2,1
7/13/2021,760,0.4,0
7/12/2021,204,0.1,0
7/11/2021,462,0.2,0
7/10/2021,925,0.4,1
7/9/2021,1136,0.5,1
7/8/2021,2322,1.1,0
7/7/2021,1077,0.5,0
7/6/2021,5011,2.3,0
7/5/2021,590,0.3,0
7/4/2021,872,0.4,0
7/3/2021,5406,2.7,0
7/2/2021,2487,1.2,4
7/1/2021,473,0.2,0
6/30/2021,5650,2.7,2
6/29/2021,3545,1.8,0
6/28/2021,506,0.2,0
6/27/2021,391,0.2,0
6/26/2021,284,0.1,0
6/25/2021,1408,0.7,0
6/24/2021,5987,2.8,2
6/23/2021,12514,6.2,6
6/22/2021,7865,3.7,8
6/21/2021,3952,2.1,4
6/20/2021,800,0.4,1
6/19/2021,2248,1.1,0
6/18/2021,6873,3.3,0
6/17/2021,5239,2.6,2
6/16/2021,2309,1.2,7
6/15/2021,975,0.5,0
6/14/2021,3657,1.9,3
6/13/2021,1121,0.6,2
6/12/2021,1113,0.6,1
6/11/2021,574,0.3,0
6/10/2021,1032,0.5,0
6/9/2021,503,0.3,1
6/8/2021,2466,1.2,1
6/7/2021,962,0.5,2
6/6/2021,959,0.5,1
6/5/2021,2403,1.2,1
6/4/2021,1405,0.8,2
6/3/2021,836,0.5,3
6/2/2021,415,0.2,1
6/1/2021,1241,0.6,2
5/31/2021,152,0.1,0
5/30/2021,884,0.5,1
5/29/2021,2187,1.1,1
5/28/2021,477,0.3,1
5/27/2021,979,0.5,2
5/26/2021,448,0.2,1
5/25/2021,152,0.1,0
5/24/2021,1478,0.8,2
5/23/2021,2689,1.4,2
5/22/2021,4068,2,5
5/21/2021,439,0.2,1
5/20/2021,2873,1.4,2
5/19/2021,681,0.4,1
5/18/2021,514,0.3,1
5/17/2021,507,0.3,1
5/16/2021,600,0.3,1
5/15/2021,1636,0.8,1
5/14/2021,455,0.2,1
5/13/2021,1964,1,2
5/12/2021,1500,0.7,2
5/11/2021,250,0.1,0
5/10/2021,902,0.4,1
5/9/2021,802,0.4,1
5/8/2021,1666,0.8,2
5/7/2021,638,0.3,1
5/6/2021,582,0.3,1
5/5/2021,543,0.3,0
5/4/2021,4164,2.1,7
5/3/2021,369,0.2,1
5/2/2021,1209,0.6,1
5/1/2021,1551,0.8,2
4/30/2021,433,0.2,0
4/29/2021,1278,0.7,4
4/28/2021,912,0.5,2
4/27/2021,831,0.4,1
4/26/2021,627,0.3,1
4/25/2021,1403,0.7,1
4/24/2021,1543,0.8,1
4/23/2021,1673,0.9,3
4/22/2021,1201,0.6,2
4/21/2021,1231,0.6,1
4/20/2021,1385,0.7,2
4/19/2021,1345,0.7,2
4/18/2021,447,0.2,1
4/17/2021,3857,1.9,3
4/16/2021,935,0.5,2
4/15/2021,816,0.4,2
4/14/2021,473,0.2,0
4/13/2021,136,0.1,0
4/12/2021,1803,0.9,0
4/11/2021,573,0.3,1
4/10/2021,973,0.5,1
4/9/2021,779,0.4,1
4/8/2021,709,0.4,1
4/7/2021,1217,0.6,0
4/6/2021,809,0.4,1
4/5/2021,501,0.3,1
4/4/2021,688,0.4,2
4/3/2021,1060,0.5,1
4/2/2021,475,0.2,1
4/1/2021,1139,0.6,1
3/31/2021,721,0.4,2
3/30/2021,2139,1.1,6
3/29/2021,651,0.3,1
3/28/2021,2011,1,1
3/27/2021,586,0.3,2
3/26/2021,641,0.3,1
3/25/2021,530,0.3,1
3/24/2021,1541,0.7,2
3/23/2021,643,0.3,1
3/22/2021,607,0.3,1
3/21/2021,1962,1,2
3/20/2021,223,0.1,0
3/19/2021,830,0.4,1
3/18/2021,1114,0.5,1
3/17/2021,915,0.5,1
3/16/2021,617,0.3,1
3/15/2021,1082,0.6,2
3/14/2021,1674,0.8,1
3/13/2021,264,0.1,0
3/12/2021,885,0.5,3
3/11/2021,498,0.2,1
3/10/2021,629,0.3,1
3/9/2021,430,0.2,1
3/8/2021,2837,1.4,2
3/7/2021,226,0.1,0
3/6/2021,1520,0.8,2
3/5/2021,441,0.2,1
3/4/2021,2816,1.4,1
3/3/2021,599,0.3,1
3/2/2021,975,0.5,1
3/1/2021,686,0.4,1
2/28/2021,676,0.3,1
2/27/2021,888,0.4,1
2/26/2021,581,0.3,0
2/25/2021,754,0.4,0
2/24/2021,667,0.3,1
2/23/2021,2292,1.1,1
2/22/2021,1392,0.7,2
2/21/2021,4018,2,4
2/20/2021,2993,1.5,3
2/19/2021,1100,0.5,0
2/18/2021,1078,0.5,1
2/17/2021,890,0.4,1
2/16/2021,1019,0.5,1
2/15/2021,794,0.4,1
2/14/2021,173,0.1,0
2/13/2021,2423,1.3,4
2/12/2021,928,0.5,2
2/11/2021,967,0.5,1
2/10/2021,949,0.5,1
2/9/2021,839,0.4,1
2/8/2021,1795,0.9,2
2/7/2021,603,0.3,1
2/6/2021,690,0.3,1
2/5/2021,258,0.1,0
2/4/2021,321,0.2,0
2/3/2021,88,0,0
2/2/2021,129,0.1,0
2/1/2021,252,0.1,0
1/31/2021,380,0.2,2
1/30/2021,2700,1.3,0
1/29/2021,149,0.1,0
1/28/2021,65,0,0
1/27/2021,259,0.1,0
1/26/2021,228,0.1,0
1/25/2021,248,0.1,0
1/24/2021,1688,0.8,1
1/23/2021,211,0.1,0
1/22/2021,1724,0.9,5
1/21/2021,42,0,0
1/20/2021,304,0.2,0
1/19/2021,176,0.1,0
1/18/2021,226,0.1,0
1/17/2021,164,0.1,0
1/16/2021,2850,1.4,2
1/15/2021,271,0.1,0
1/14/2021,182,0.1,0
1/13/2021,195,0.1,0
1/12/2021,174,0.1,1
1/11/2021,277,0.1,0
1/10/2021,236,0.1,0
1/9/2021,1957,0.9,2
1/8/2021,268,0.1,0
1/7/2021,177,0.1,0
1/6/2021,213,0.1,0
1/5/2021,619,0.3,0
1/4/2021,741,0.4,0
1/3/2021,2673,1.3,3
1/2/2021,1084,0.5,1
1/1/2021,1447,0.7,4
12/31/2020,2355,1.1,1
12/30/2020,1964,0.9,3
12/29/2020,1836,0.9,2
12/28/2020,282,0.2,0
12/27/2020,2531,1.2,1
12/26/2020,2585,1.2,3
12/25/2020,3463,1.6,2
12/24/2020,4759,2.2,3
12/23/2020,1649,0.8,2
12/22/2020,1157,0.6,1
12/21/2020,131,0.1,0
12/20/2020,196,0.1,0
12/19/2020,2777,1.4,4
12/18/2020,294,0.2,0
12/17/2020,962,0.5,1
12/16/2020,1666,0.7,1
12/15/2020,291,0.2,0
12/14/2020,370,0.2,0
12/13/2020,2053,1,1
12/12/2020,1615,0.7,10
12/11/2020,1579,0.8,1
12/10/2020,2035,1,3
12/9/2020,692,0.3,1
12/8/2020,1884,0.9,5
12/7/2020,503,0.3,0
12/6/2020,3049,1.4,2
12/5/2020,632,0.3,1
12/4/2020,12067,5.9,4
12/3/2020,1238,0.6,2
12/2/2020,12865,6.2,5
12/1/2020,906,0.4,1
11/30/2020,10957,5.3,4
11/29/2020,1332,0.7,5
11/28/2020,3296,1.7,1
11/27/2020,3157,1.4,2
11/26/2020,3095,1.4,3
11/25/2020,3888,1.8,3
11/24/2020,14208,6.7,3
11/23/2020,1397,0.6,1
11/22/2020,1263,0.6,1
11/21/2020,826,0.4,3
11/20/2020,12639,6.1,6
11/19/2020,656,0.3,0
11/18/2020,183,0.1,0
11/17/2020,1816,0.9,1
11/16/2020,12502,6.2,4
11/15/2020,5426,2.4,7
11/14/2020,4598,2.1,6
11/13/2020,10096,5.3,3
11/12/2020,350,0.2,0
11/11/2020,14772,7.1,1
11/10/2020,492,0.3,0
11/9/2020,17320,8.1,12
11/8/2020,3134,1.5,6
11/7/2020,3002,1.5,4
11/6/2020,15265,7.5,7
11/5/2020,936,0.5,2
11/4/2020,13755,6.6,3
11/3/2020,299,0.2,0
11/2/2020,11211,5.6,3
11/1/2020,4737,2.2,6
10/31/2020,6337,2.9,8
10/30/2020,3272,1.6,2
10/29/2020,202,0.1,0
10/28/2020,574,0.3,0
10/27/2020,14903,7.2,2
10/26/2020,399,0.2,0
10/25/2020,130,0.1,0
10/24/2020,2752,1.3,1
10/23/2020,11703,5.5,1
10/22/2020,263,0.1,0
10/21/2020,14100,6.9,1
10/20/2020,221,0.1,0
10/19/2020,14094,6.9,2
10/18/2020,305,0.2,0
10/17/2020,1134,0.5,1
10/16/2020,14464,6.7,3
10/15/2020,273,0.1,0
10/14/2020,14729,6.8,3
10/13/2020,340,0.2,0
10/12/2020,372,0.2,0
10/11/2020,235,0.1,0
10/10/2020,18743,8.8,2
10/9/2020,144,0.1,0
10/8/2020,401,0.2,0
10/7/2020,14723,7,2
10/6/2020,757,0.4,1
10/5/2020,14067,6.4,1
10/4/2020,82,0,0
10/3/2020,3766,1.7,2
10/2/2020,1442,0.7,0
10/1/2020,13784,6.5,1
9/30/2020,983,0.4,0
9/29/2020,12363,5.9,5
9/28/2020,1380,0.6,0
9/27/2020,10727,5.3,2
9/26/2020,1797,0.9,1
9/25/2020,2393,1.1,1
9/24/2020,15139,7.3,6
9/23/2020,1210,0.5,0
9/22/2020,12816,6,1
9/21/2020,1980,0.9,2
9/20/2020,7589,4,2
9/19/2020,2827,1.3,4
9/18/2020,15404,7.3,4
9/17/2020,1720,0.8,1
9/16/2020,18710,9,7
9/15/2020,3069,1.4,8
9/14/2020,14784,7,1
9/13/2020,160,0.1,0
9/12/2020,1839,0.8,2
9/11/2020,15316,7.1,3
9/10/2020,1924,0.9,1
9/9/2020,10721,5.2,4
9/8/2020,15646,7.6,5
9/7/2020,6013,2.8,4
9/6/2020,12014,5.5,2
9/5/2020,5058,2.4,2
9/4/2020,10189,4.8,2
9/3/2020,14081,6.6,2
9/2/2020,1832,0.8,0
9/1/2020,14009,6.8,3
8/31/2020,2211,1,1
8/30/2020,13501,6.7,3
8/29/2020,2625,1.2,5
8/28/2020,15252,7.3,2
8/27/2020,3228,1.5,3
8/26/2020,4257,1.9,5
8/25/2020,13194,6.2,1
8/24/2020,13786,6.6,2
8/23/2020,1630,0.7,3
8/22/2020,4443,2,11
8/21/2020,12974,6.2,1
8/20/2020,3175,1.5,4
8/19/2020,12348,6,1
8/18/2020,10419,4.9,2
8/17/2020,11588,5.4,1
8/16/2020,756,0.3,0
8/15/2020,3523,1.6,11
8/14/2020,11510,5.5,4
8/13/2020,12607,5.9,2
8/12/2020,6854,3.3,3
8/11/2020,10832,5,2
8/10/2020,11093,5.4,1
8/9/2020,1511,0.7,0
8/8/2020,2101,0.9,1
8/7/2020,11335,5.5,4
8/6/2020,7940,3.7,8
8/5/2020,10668,4.9,3
8/4/2020,1492,0.7,0
8/3/2020,10497,5.1,3
8/2/2020,1238,0.6,0
8/1/2020,18679,8.8,2
7/31/2020,7284,3.6,3
7/30/2020,12409,5.9,5
7/29/2020,10821,5.2,3
7/28/2020,1852,0.8,1
7/27/2020,15336,7.4,6
7/26/2020,3727,1.7,1
7/25/2020,4579,2.1,5
7/24/2020,4250,1.8,5
7/23/2020,10618,5.3,2
7/22/2020,12008,5.7,1
7/21/2020,12736,6.5,2
7/20/2020,9680,4.5,3
7/19/2020,3765,1.6,2
7/18/2020,17014,8,2
7/17/2020,10352,4.9,5
7/16/2020,10266,4.7,1
7/15/2020,10121,4.9,2
7/14/2020,11266,5.6,3
7/13/2020,8297,4,3
7/12/2020,3820,1.7,8
7/11/2020,17502,8.4,4
7/10/2020,10330,4.9,3
7/9/2020,10516,5,2
7/8/2020,10334,5.1,3
7/7/2020,4166,1.8,4
7/6/2020,14912,7.1,4
7/5/2020,4107,1.8,6
7/4/2020,16038,7.4,5
7/3/2020,9657,4.5,4
7/2/2020,12657,6.1,5
7/1/2020,10458,5,5
6/30/2020,11557,5.7,2
6/29/2020,13162,6.4,4
6/28/2020,10524,5.1,4
6/27/2020,10891,5.3,1
6/26/2020,10144,4.9,4
6/25/2020,14784,7,4
6/24/2020,12471,5.9,3
6/23/2020,11608,5.4,4
6/22/2020,10459,5.1,2
6/21/2020,3632,1.6,3
6/20/2020,1438,0.6,0
6/19/2020,11049,5.3,3
6/18/2020,11533,5.4,4
6/17/2020,10570,4.9,3
6/16/2020,10199,4.7,2
6/15/2020,8787,4.1,1
6/14/2020,4752,2.1,2
6/13/2020,8472,4,1
6/12/2020,8942,4.2,2
6/11/2020,9090,4.3,2
6/10/2020,10143,4.7,1
6/9/2020,9696,4.6,2
6/8/2020,9212,4.4,2
6/7/2020,8075,3.9,3
6/6/2020,8819,4.1,1
6/5/2020,2294,1,2
6/4/2020,7856,3.8,2
6/3/2020,7107,3.3,1
6/2/2020,8417,3.9,3
6/1/2020,6556,3.1,1
5/31/2020,5654,2.5,1
5/30/2020,7251,3.4,1
5/29/2020,5731,2.8,1
5/28/2020,7917,3.8,2
5/27/2020,8655,4.1,3
5/26/2020,6887,3.3,1
5/25/2020,6630,3.1,2
5/24/2020,7314,3.4,3
5/23/2020,780,0.4,1
5/22/2020,5789,2.8,2
5/21/2020,4380,2.1,2
5/20/2020,7071,3.4,2
5/19/2020,9706,4.5,10
5/18/2020,8406,3.9,1
5/17/2020,8012,3.7,1
5/16/2020,4104,2,1
5/15/2020,230,0.1,0
5/14/2020,512,0.2,0
5/13/2020,399,0.2,0
5/12/2020,610,0.2,0
5/11/2020,1175,0.5,1
5/10/2020,522,0.2,0
5/9/2020,258,0.1,0
5/8/2020,644,0.3,0
5/7/2020,211,0.1,0
5/6/2020,1622,0.7,1
5/5/2020,248,0.1,0
5/4/2020,340,0.2,0
5/3/2020,240,0.1,0
5/2/2020,255,0.1,0
5/1/2020,1443,0.6,2
4/30/2020,3179,1.3,1
4/29/2020,2638,1.1,0
4/28/2020,3056,1.3,1
4/27/2020,3127,1.3,4
4/26/2020,321,0.1,0
4/25/2020,266,0.1,0
4/24/2020,415,0.2,0
4/23/2020,2168,0.9,2
4/22/2020,440,0.2,0
4/21/2020,4068,1.7,0
4/20/2020,3549,1.4,1
4/19/2020,583,0.2,0
4/18/2020,2714,1.1,0
4/17/2020,2187,0.9,5
4/16/2020,2591,1.1,0
4/15/2020,3479,1.4,2
4/14/2020,5509,2.3,1
4/13/2020,3109,1.3,2
4/12/2020,1713,0.7,0
4/11/2020,3614,1.5,1
4/10/2020,711,0.3,0
4/9/2020,3644,1.5,0
4/8/2020,370,0.2,0
4/7/2020,3787,1.6,0
4/6/2020,3788,1.6,6
4/5/2020,1044,0.5,0
4/4/2020,2603,1.1,3
4/3/2020,4024,1.7,1
4/2/2020,4283,1.8,0
4/1/2020,3136,1.3,0
3/31/2020,3918,1.6,0
3/30/2020,2748,1.1,1
3/29/2020,351,0.2,0
3/28/2020,574,0.3,0
3/27/2020,1746,0.7,1
3/26/2020,234,0.1,0
3/25/2020,7611,3.1,9
3/24/2020,990,0.5,0
3/23/2020,548,0.2,0
3/22/2020,1427,0.6,0
3/21/2020,692,0.3,1
3/20/2020,448,0.2,0
3/19/2020,755,0.4,0
3/18/2020,896,0.4,1
3/17/2020,1554,0.6,0
3/16/2020,443,0.2,0
3/15/2020,394,0.2,0
3/14/2020,352,0.2,1
3/13/2020,311,0.1,0
3/12/2020,3731,1.6,4
3/11/2020,10019,4.2,11
3/10/2020,7051,3,8
3/9/2020,7703,3.3,12
3/8/2020,7897,3.1,9
3/7/2020,1697,0.7,2
3/6/2020,6786,2.9,6
3/5/2020,11295,4.6,11
3/4/2020,10862,4.4,18
3/3/2020,10283,4.2,14
3/2/2020,5407,2.3,3
3/1/2020,6191,2.6,1
2/29/2020,2348,1,3
2/28/2020,2003,0.8,2
2/27/2020,11039,4.4,16
2/26/2020,5083,2.1,7
2/25/2020,13527,5.4,11
2/24/2020,7380,3,3
2/23/2020,191,0.1,0
12/29/2019,6900,2.7,3
12/28/2019,1834,0.8,1
12/27/2019,1337,0.6,0
12/26/2019,2968,1.2,3
12/25/2019,1710,0.7,2
12/24/2019,8043,3.3,0
12/23/2019,22740,9.2,4
12/22/2019,7529,3,2
12/21/2019,6780,3,2
12/20/2019,4705,2.2,3
12/19/2019,815,0.3,1
12/18/2019,1259,0.5,2
12/17/2019,12041,5.4,7
12/16/2019,9145,4.1,4
12/15/2019,2311,0.9,2
12/14/2019,5055,2.3,1
12/13/2019,5236,2.5,2
12/12/2019,9167,4.2,4
12/11/2019,7386,3.3,4
12/10/2019,2616,1.1,2
12/9/2019,8842,4,8
12/8/2019,2654,1.2,1
12/7/2019,3859,1.7,2
12/6/2019,4261,2.1,1
12/5/2019,10372,4.6,10
12/4/2019,5404,2.2,3
12/3/2019,8907,3.9,8
12/2/2019,5921,2.7,2
12/1/2019,1042,0.4,1
11/30/2019,2171,0.9,2
11/29/2019,8638,3.7,5
11/28/2019,7161,3.1,6
11/27/2019,13281,5.5,19
11/26/2019,18547,8.1,10
11/25/2019,7764,3.4,1
11/24/2019,19645,8.3,53
11/23/2019,9955,4.2,9
11/22/2019,13861,6,1
11/21/2019,7990,3.5,2
11/20/2019,3502,1.6,2
11/19/2019,10520,4.7,3
11/18/2019,8589,3.8,4
11/17/2019,6569,3,4
11/16/2019,6000,2.6,2
11/15/2019,9700,4.5,6
11/14/2019,15648,6.9,17
11/13/2019,5242,2.1,6
11/12/2019,4994,2.1,4
11/11/2019,10121,4.5,5
11/10/2019,2175,0.9,2
11/9/2019,4596,1.9,7
11/8/2019,5889,2.4,4
11/7/2019,9269,4.2,2
11/6/2019,10086,4.6,4
11/5/2019,10851,4.8,5
11/4/2019,8115,3.6,2
11/3/2019,2086,0.8,2
11/2/2019,1199,0.5,0
11/1/2019,7719,3.7,4
10/31/2019,4360,1.8,3
10/30/2019,6491,2.9,3
10/29/2019,1293,0.5,1
10/28/2019,2855,1.2,2
10/27/2019,1765,0.7,2
10/26/2019,780,0.3,1
10/25/2019,7286,3,4
10/24/2019,1689,0.7,2
10/23/2019,2096,0.9,2
10/22/2019,7546,3.3,2
10/21/2019,3093,1.3,2
10/20/2019,1755,0.7,1
10/19/2019,375,0.2,1
10/18/2019,2353,1,2
10/17/2019,4896,2.2,3
10/16/2019,5070,2.2,2
10/15/2019,10022,4.5,4
10/14/2019,8958,3.6,5
10/13/2019,2572,1.1,1
10/12/2019,2552,1,2
10/11/2019,14099,6.5,5
10/10/2019,8656,3.4,5
10/9/2019,5553,2.5,4
10/8/2019,8969,4,7
10/7/2019,9467,4.3,5
10/6/2019,1212,0.5,1
10/5/2019,3494,1.5,2
10/4/2019,4168,1.9,3
10/3/2019,6609,2.8,7
10/2/2019,14138,6.1,10
10/1/2019,14811,6.5,7
9/30/2019,14370,6.4,5
9/29/2019,10098,4.5,3
9/28/2019,10066,4.5,4
9/27/2019,16024,7.4,6
9/26/2019,10045,4.6,5
9/25/2019,12392,5.6,4
9/24/2019,13791,6.3,9
9/23/2019,14233,6.6,8
9/22/2019,11846,5.7,1
9/21/2019,10053,4.4,6
9/20/2019,10352,4.8,8
9/19/2019,10440,4.6,8
9/18/2019,11108,4.9,8
9/17/2019,15943,7.1,10
9/16/2019,14105,6.6,9
9/15/2019,10137,4.9,6
9/14/2019,10093,4.4,4
9/13/2019,15859,7.4,7
9/12/2019,4880,2.2,5
9/11/2019,11528,5.5,3
9/10/2019,12753,5.5,3
9/9/2019,14350,6.4,5
9/8/2019,10095,4.5,4
9/7/2019,10125,4.6,4
9/6/2019,12968,6.1,6
9/5/2019,12537,5.7,4
9/4/2019,12649,5.7,9
9/3/2019,12786,5.7,6
9/2/2019,7277,3.1,4
9/1/2019,8414,3.5,3
8/31/2019,13124,5.6,0
8/30/2019,10021,4.5,1
8/29/2019,10078,4.5,6
8/28/2019,7822,3.5,6
8/27/2019,12119,5.4,7
8/26/2019,8721,4,10
8/25/2019,6606,3,1
8/24/2019,2187,1,5
8/23/2019,6927,3.1,5
8/22/2019,10034,4.4,3
8/21/2019,11020,5.2,9
8/20/2019,7798,3.4,6
8/19/2019,5274,2.4,3
8/18/2019,3516,1.5,1
8/17/2019,2319,1.1,2
8/16/2019,8609,4.1,3
8/15/2019,9724,4.4,3
8/14/2019,10039,4.6,9
8/13/2019,13160,5.9,5
8/12/2019,10193,4.6,6
8/11/2019,2806,1.3,2
8/10/2019,4022,1.8,2
8/9/2019,9651,4.5,3
8/8/2019,7872,3.5,5
8/7/2019,8524,3.9,5
8/6/2019,12010,5.4,4
8/5/2019,8310,3.7,5
8/4/2019,4441,2,2
8/3/2019,2218,1,1
8/2/2019,10431,4.9,3
8/1/2019,4880,2.2,1
7/31/2019,11229,5,6
7/30/2019,7143,3.2,4
7/29/2019,9545,4.3,5
7/28/2019,9227,4.2,9
7/27/2019,7096,3.1,9
7/26/2019,7938,3.6,7
7/25/2019,7954,3.7,3
7/24/2019,8605,3.9,4
7/23/2019,7751,3.4,3
7/22/2019,11672,5.2,6
7/21/2019,4175,1.9,2
7/20/2019,2676,1.2,1
7/19/2019,8637,4,4
7/18/2019,6213,2.8,4
7/17/2019,10177,4.6,6
7/16/2019,11469,5.1,6
7/15/2019,10578,4.8,4
7/14/2019,2869,1.3,1
7/13/2019,1309,0.6,1
7/12/2019,8562,3.9,4
7/11/2019,11023,4.9,5
7/10/2019,9253,4.2,9
7/9/2019,12589,5.7,8
7/8/2019,8984,4.1,10
7/7/2019,1613,0.8,2
7/6/2019,1965,0.9,2
7/5/2019,2998,1.3,3
7/4/2019,4387,1.9,3
5/18/2019,2990,1.3,2
5/17/2019,8819,4,8
5/16/2019,12811,5.8,6
5/15/2019,867,0.3,0
5/14/2019,7853,3.6,5
5/13/2019,8342,3.8,4
5/12/2019,2227,1,0
5/11/2019,3320,1.5,2
5/10/2019,10699,4.9,5
5/9/2019,6897,3.1,5
5/8/2019,12819,5.9,10
5/7/2019,11551,5.2,7
5/6/2019,9716,4.5,4
5/5/2019,3213,1.5,4
5/4/2019,6407,2.9,2
5/3/2019,3131,1.4,1
5/2/2019,5685,2.6,5
5/1/2019,8710,4,5
4/30/2019,8458,3.8,4
4/29/2019,9752,4.5,5
4/28/2019,4109,1.9,0
4/27/2019,8828,4.1,11
4/26/2019,9384,4.3,7
4/25/2019,10342,4.9,3
4/24/2019,10893,5.1,2
4/23/2019,9407,4.2,5
4/22/2019,7134,3.1,3
4/21/2019,6755,3,7
4/20/2019,11133,5.2,0
4/19/2019,10663,4.9,5
4/18/2019,7424,3.4,1
4/17/2019,9355,4.4,1
4/16/2019,9138,4.5,5
4/15/2019,6151,2.8,3
4/14/2019,8131,3.7,0
4/13/2019,11469,5.3,2
4/12/2019,8049,3.9,0
4/11/2019,6952,3.1,0
4/10/2019,9339,4.2,6
4/9/2019,10856,5,7
4/8/2019,13053,6.1,10
4/7/2019,2722,1.2,2
4/6/2019,5421,2.5,4
4/5/2019,3718,1.6,3
4/4/2019,11447,5.3,6
4/3/2019,9297,4.3,8
4/2/2019,12139,5.5,9
4/1/2019,8945,4,5
3/31/2019,2552,1.1,3
3/30/2019,6289,2.7,2
3/29/2019,6803,3,1
3/28/2019,6698,2.9,8
3/27/2019,10977,4.9,5
3/26/2019,9886,3.9,6
3/25/2019,5974,2.3,6
3/24/2019,2541,1,2
3/23/2019,7591,3.2,9
3/22/2019,5297,2.3,3
3/21/2019,4609,2,2
3/20/2019,3894,1.7,1
3/19/2019,8162,3.5,4
3/18/2019,6096,2.7,6
3/17/2019,662,0.3,2
3/16/2019,1031,0.4,2
3/15/2019,10579,4.6,4
3/14/2019,9301,4.1,6
3/13/2019,8722,3.9,5
3/12/2019,6856,2.6,4
3/11/2019,6557,2.5,7
3/10/2019,120,0,0
3/9/2019,1398,0.5,2
3/8/2019,2386,0.9,4
3/7/2019,3386,1.3,5
3/6/2019,4293,1.7,4
3/5/2019,2801,1.1,2
3/4/2019,3488,1.3,4
3/3/2019,1576,0.6,3
3/2/2019,1384,0.5,3
3/1/2019,80,0,0
2/28/2019,4208,1.6,4
2/27/2019,4193,1.6,3
2/26/2019,6323,2.4,5
2/25/2019,3790,1.5,3
2/24/2019,1763,0.7,2
2/23/2019,1166,0.5,1
2/22/2019,3755,1.5,3
2/21/2019,6729,2.7,4
2/20/2019,2498,0.9,1
2/19/2019,5515,2.1,3
2/18/2019,3014,1.2,2
2/17/2019,1152,0.5,0
2/16/2019,2156,0.8,3
2/15/2019,7305,2.7,4
2/14/2019,4502,1.8,3
2/13/2019,3894,1.5,2
2/12/2019,194,0.1,0
2/11/2019,5554,2.2,4
2/10/2019,2551,1,4
2/9/2019,1846,0.7,1
2/8/2019,3973,1.5,1
2/7/2019,5312,2,2
2/6/2019,5384,2.1,3
2/5/2019,5530,2.1,3
2/4/2019,4141,1.6,3
2/3/2019,1772,0.7,0
2/2/2019,1337,0.5,1
2/1/2019,3511,1.3,3
1/31/2019,5128,1.9,3
1/30/2019,4842,1.9,2
1/29/2019,4457,1.8,4
1/28/2019,10017,4.4,6
1/27/2019,1837,0.7,4
1/26/2019,1624,0.6,1
1/25/2019,3324,1.4,9
1/24/2019,5616,2.5,8
1/23/2019,5964,2.6,5
1/22/2019,5732,2.5,7
1/21/2019,170,0.1,0
1/20/2019,617,0.2,2
1/19/2019,1591,0.6,3
1/18/2019,158,0.1,0
1/17/2019,2817,1.2,3
1/16/2019,10045,4.5,10
1/15/2019,12096,5.3,16
1/14/2019,11564,5.2,7
1/13/2019,232,0.1,0
1/12/2019,2516,1.1,4
1/11/2019,10024,4.3,8
1/10/2019,11558,5.2,12
1/9/2019,10792,4.8,14
1/8/2019,11784,5.2,13
1/7/2019,8609,3.8,12
1/6/2019,2837,1.1,3
1/5/2019,802,0.3,1
1/4/2019,6370,2.8,6
1/3/2019,11075,4.9,23
1/2/2019,9459,4.2,23
1/1/2019,1625,0.7,0
12/31/2018,719,0.3,2
12/30/2018,196,0.1,0
12/29/2018,1318,0.5,2
12/28/2018,2437,0.9,4
12/27/2018,974,0.4,1
12/26/2018,2744,1.2,8
12/25/2018,420,0.2,1
12/24/2018,1362,0.5,2
12/23/2018,424,0.2,0
12/22/2018,4538,1.9,8
12/21/2018,4137,1.7,1
12/20/2018,5814,2.5,6
12/19/2018,5459,2.4,5
12/18/2018,8906,3.9,18
12/17/2018,11509,5,17
12/16/2018,4976,2.2,5
12/15/2018,1579,0.7,0
12/14/2018,3520,1.5,1
12/13/2018,4358,1.9,1
12/12/2018,9049,4,5
12/11/2018,9489,4.1,25
12/10/2018,9606,4.1,12
12/9/2018,1501,0.6,4
12/8/2018,2388,0.9,3
12/7/2018,11158,4.8,27
12/6/2018,6747,3,3
12/5/2018,8801,3.8,38
12/4/2018,5059,2.2,13
12/3/2018,9091,3.9,10
12/2/2018,1366,0.6,1
12/1/2018,1995,0.8,5
11/30/2018,6029,2.6,8
11/29/2018,7168,3.1,10
11/28/2018,6067,2.6,12
11/27/2018,8447,3.7,23
11/26/2018,5176,2.2,10
11/25/2018,7958,3.4,3
11/24/2018,15954,7.1,22
11/23/2018,14176,6.5,11
11/22/2018,11986,5.6,10
11/21/2018,10741,5,9
11/20/2018,7585,3.5,0
11/19/2018,6289,2.9,0
11/18/2018,6093,2.8,0
11/17/2018,12928,5.9,1
11/16/2018,7032,3.3,0
11/15/2018,4638,2.2,1
11/14/2018,5081,2.4,2
11/13/2018,3461,1.6,0
11/12/2018,5238,2.4,0
11/11/2018,3217,1.5,0
11/10/2018,8837,4,1
11/9/2018,12318,5.8,12
11/8/2018,5749,2.7,3
11/7/2018,7954,3.7,5
11/6/2018,0,0,0
11/5/2018,0,0,0
11/4/2018,0,0,0
11/3/2018,0,0,0
11/2/2018,1374,0.6,1
11/1/2018,8382,3.8,13
10/31/2018,4708,1.8,18
10/30/2018,7743,3.5,15
10/29/2018,9051,4.2,18
10/28/2018,1733,0.8,12
10/27/2018,4544,2,5
10/26/2018,7112,3.2,5
10/25/2018,0,0,0
10/24/2018,0,0,0
10/23/2018,0,0,0
10/22/2018,0,0,0
10/21/2018,2177,1,1
10/20/2018,2586,1.1,10
10/19/2018,9393,3.7,11
10/18/2018,13898,6.4,21
10/17/2018,10158,4.8,19
10/16/2018,10188,4.7,16
10/15/2018,9665,4.5,14
10/14/2018,4661,2.2,3
10/13/2018,2659,1.2,5
10/12/2018,13827,6.2,29
10/11/2018,6997,3.2,12
10/10/2018,5751,2.7,7
10/9/2018,12989,6.2,21
10/8/2018,8602,4,26
10/7/2018,7391,3.4,14
10/6/2018,2198,1,0
10/5/2018,7659,3.6,22
10/4/2018,10094,4.7,11
10/3/2018,8690,4,11
10/2/2018,13984,6.4,16
10/1/2018,9893,4.6,12
9/30/2018,3537,1.7,1
9/29/2018,9548,4.3,25
9/28/2018,15413,7,16
9/27/2018,12148,5.6,14
9/26/2018,9659,4.5,17
9/25/2018,8725,4,9
9/24/2018,5522,2.2,9
9/23/2018,2743,1.2,7
9/22/2018,5447,2.5,7
9/21/2018,11537,5.2,19
9/20/2018,9095,4.1,18
9/19/2018,10993,5.2,34
9/18/2018,13816,6.3,30
9/17/2018,12222,5.7,18
9/16/2018,3625,1.7,3
9/15/2018,7033,3,7
9/14/2018,8119,3.7,15
9/13/2018,7913,3.5,7
9/12/2018,10330,4.6,8
9/11/2018,10737,5,18
9/10/2018,9972,4.6,7
9/9/2018,4996,2.3,6
9/8/2018,7331,3.6,5
9/7/2018,8700,4.1,5
9/6/2018,8506,3.9,6
9/5/2018,8353,3.8,9
9/4/2018,7202,3.3,7
9/3/2018,6260,2.8,2
9/2/2018,4606,2.1,4
9/1/2018,7100,3.2,4
8/31/2018,7339,3.4,4
8/30/2018,9370,4.1,14
8/29/2018,14446,6.4,9
8/28/2018,13048,6,11
8/27/2018,7562,3.6,7
8/26/2018,8680,4.2,8
8/25/2018,2903,1.3,8
8/24/2018,7871,3.7,8
8/23/2018,10375,4.7,16
8/22/2018,12028,5.2,10
8/21/2018,7013,3.2,4
8/20/2018,12181,5.7,8
8/19/2018,3152,1.4,3
8/18/2018,6898,3.2,5
8/17/2018,12272,5.6,7
8/16/2018,14793,7.5,9
8/15/2018,8400,3.9,2
8/14/2018,12250,6.1,4
8/13/2018,8187,3.3,12
8/12/2018,4529,2.1,2
8/11/2018,7193,1.4,3
8/10/2018,7242,1.6,2
8/9/2018,8150,3.9,13
8/8/2018,8224,3.4,12
8/7/2018,15427,8,8
8/6/2018,11565,5.5,8
8/5/2018,4342,1.9,2
8/4/2018,12120,5.6,24
8/3/2018,10348,4.6,19
8/2/2018,14231,6.4,14
8/1/2018,12103,5.4,31
7/31/2018,13587,6.4,10
7/30/2018,4796,1.7,5
7/29/2018,2022,0.7,15
7/28/2018,313,0.1,3
7/27/2018,2017,0.7,10
